AnimeTitle,ID,Status
"""Bungaku Shoujo"" Movie",6408,Plan to Watch
001,29978,Completed
00:08,28761,Completed
100-man no Inochi no Ue ni Ore wa Tatteiru,41380,Completed
100-man no Inochi no Ue ni Ore wa Tatteiru 2nd Season,44881,Completed
2.43: Seiin Koukou Danshi Volley-bu,40679,Completed
22/7,40148,Completed
22/7: 8＋3=?,40924,Completed
3-gatsu no Lion,31646,Completed
3-gatsu no Lion 2nd Season,35180,Completed
3D Kanojo: Real Girl,36793,Completed
3D Kanojo: Real Girl 2nd Season,37956,Completed
4-nin wa Sorezore Uso wo Tsuku,51464,Watching
5-toubun no Hanayome,38101,Completed
5-toubun no Hanayome ∬,39783,Completed
5-toubun no Hanayome Movie,48548,Completed
86,41457,Completed
86 Part 2,48569,Completed
A.I.C.O.: Incarnation,36039,Plan to Watch
Accel World,11759,Completed
Accel World EX,13939,Completed
Accel World: Acchel World.,13859,Completed
Accel World: Infinite∞Burst,31763,Completed
Adachi to Shimamura,39790,Completed
Akame ga Kill!,22199,Completed
Akanesasu Shoujo,37561,Completed
Akatsuki no Yona,25013,Completed
Akatsuki no Yona OVA,30370,Completed
Akiba Meido Sensou,52193,Watching
Akiba's Trip The Animation,34051,Plan to Watch
Akira,47,Completed
Akkun to Kanojo,36864,Completed
Aku no Hana,16201,Plan to Watch
Akudama Drive,41433,Completed
Akuyaku Reijou nano de Last Boss wo Kattemimashita,49979,Watching
Aldnoah.Zero,22729,Completed
Aldnoah.Zero Part 2,27655,Completed
Alice in Deadly School,33839,Completed
Amaama to Inazuma,32828,Plan to Watch
Ame wo Tsugeru Hyouryuu Danchi,49938,Completed
Ange Vierge,32171,Completed
Angel Beats!,6547,Completed
Angel Beats! Another Epilogue,10067,Completed
Angel Beats! Specials,9062,Completed
Anima Yell!,37206,Completed
Anima Yell! Ouen Douga,38803,Completed
Another,11111,Completed
Another: The Other - Inga,11701,Completed
Ansatsu Kyoushitsu,24833,Completed
Ansatsu Kyoushitsu 2nd Season,30654,Completed
Ansatsu Kyoushitsu: 365-nichi no Jikan,33513,Completed
Ansatsu Kyoushitsu: Deai no Jikan,28405,Completed
Ansatsu Kyoushitsu: Jump Festa 2013 Special,19759,Completed
Answer (2016),34611,Completed
Ao no 6-gou,1051,Plan to Watch
Aoi Bungaku Series,7193,Plan to Watch
Appare-Ranman!,40532,Completed
Araburu Kisetsu no Otome-domo yo.,38753,Completed
Aragne no Mushikago,34974,Completed
Arcade Gamer Fubuki,1596,Plan to Watch
Aria the Animation,477,Plan to Watch
Arifureta Shokugyou de Sekai Saikyou,36882,Completed
Arifureta Shokugyou de Sekai Saikyou Recap,40239,Completed
Arifureta Shokugyou de Sekai Saikyou Specials,40083,Completed
Arslan Senki (TV),28249,Completed
Arslan Senki (TV) Gaiden,33254,Completed
Arslan Senki (TV): Fuujin Ranbu,31821,Completed
Arslan Senki (TV): Tsuioku no Shou - Dakkan no Yaiba,31128,Completed
Arte,40128,Completed
Aru Asa Dummy Head Mic ni Natteita Ore-kun no Jinsei,52381,Watching
Asagao to Kase-san.,36214,Completed
Asatir: Mirai no Mukashi Banashi,41558,Completed
Ashita Sekai ga Owaru toshitemo,38464,Dropped
Asobi Asobase,37171,Completed
Asobi Asobase Specials,38002,Completed
Asobi Asobase: Cosplay Taikai/Otona no Watashi e,37996,Completed
Assassins Pride,38572,Completed
Assault Lily: Bouquet,40550,Completed
Aura: Maryuuin Kouga Saigo no Tatakai,14669,Plan to Watch
Azur Lane,38328,Completed
Azur Lane Recap,40712,Completed
Azur Lane: Bisoku Zenshin!,40930,Completed
B-gata H-kei,7817,Plan to Watch
B: The Beginning,32827,Completed
Baby Steps,21185,Plan to Watch
Babylon,37525,Completed
Back Arrow,40964,Completed
Back Street Girls: Gokudolls,36873,Completed
Bakemono no Ko,28805,Completed
Bakuten!!,43756,Completed
Ballroom e Youkoso,34636,Completed
Banana Fish,36649,Completed
Bartender,1589,Plan to Watch
Battle Girl High School,33184,Plan to Watch
Beastars,39195,Completed
Beastars 2nd Season,40935,Completed
Beatless,36516,Completed
Beatless Final Stage,38020,Completed
Beatless Intermission,37277,Completed
Beelzebub-jou no Okinimesu mama.,37716,Completed
Bem,39221,Completed
Bem Movie: Become Human,42129,Completed
Bessatsu Olympia Kyklos,41266,Completed
Bible Black,368,Completed
Bible Black: New Testament,1401,Completed
Birthday Wonderland,38985,Completed
Bishounen Tanteidan,40752,Completed
Black Bullet,20787,Completed
Black Fox,37498,Completed
Black Lagoon,889,Completed
Black Lagoon Omake,8440,Completed
Black Lagoon: Roberta's Blood Trail,4901,Completed
Black Lagoon: The Second Barrage,1519,Completed
Blade & Soul,22547,Plan to Watch
Blossom,13253,Completed
Blue Lock,49596,Watching
Blue Reflection Ray,47639,Completed
BNA,40060,Completed
Bocchi the Rock!,47917,Watching
Boku dake ga Inai Machi,31043,Completed
Boku dake ga Inai Machi Recaps,35815,Completed
Boku no Pico,1639,Completed
Boku no Tonari ni Ankoku Hakaishin ga Imasu.,38302,Completed
Boku wa Imouto ni Koi wo Suru,819,Plan to Watch
Bokura no Nanokakan Sensou,37828,Completed
Bokura wa Minna Kawai-sou,21405,Completed
Bokura wa Minna Kawai-sou: Hajimete no,24913,Completed
Bokusatsu Tenshi Dokuro-chan,357,Plan to Watch
Bokutachi no Remake,40904,Completed
Bokutachi wa Benkyou ga Dekinai,38186,Completed
Bokutachi wa Benkyou ga Dekinai!,40004,Completed
Bokutachi wa Benkyou ga Dekinai! Chapel no Kane wa [X] wo Shukufuku Suru,42519,Completed
Bokutachi wa Benkyou ga Dekinai: Nagisa ni Usemono Arite Senjin wa Enzen to [X] Suru,39819,Completed
Boogiepop wa Warawanai (2019),37451,Completed
Breakers,40850,Completed
Btooom!,14345,Completed
Bubuki Buranki,32023,Plan to Watch
Bungou to Alchemist: Shinpan no Haguruma,40934,Completed
Burn the Witch,41468,Completed
Byousoku 5 Centimeter,1689,Completed
Caligula (TV),36828,Completed
Call Me Tonight,2147,Plan to Watch
Canaan,5356,Plan to Watch
Candy Boy: Nonchalant Talk of the Certain Twin Sisters in Daily Life,4535,Plan to Watch
Carole & Tuesday,37435,Completed
Carole & Tuesday Specials,40013,Completed
Cencoroll,3087,Completed
Cencoroll Connect,9488,Completed
Centaur no Nayami,34525,Plan to Watch
Cestvs: The Roman Fighter,43763,Completed
Chainsaw Man,44511,Watching
Charlotte,28999,Completed
Charlotte: Tsuyoimono-tachi,31553,Completed
Cheat Kusushi no Slow Life: Isekai ni Tsukurou Drugstore,40960,Completed
Chika Gentou Gekiga: Shoujo Tsubaki,2981,Plan to Watch
Chio-chan no Tsuugakuro,35821,Completed
Choujin Koukousei-tachi wa Isekai demo Yoyuu de Ikinuku you desu!,39523,Completed
Choukadou Girl ⅙,38226,Completed
Chuubyou Gekihatsu Boy,38390,Completed
Cider no You ni Kotoba ga Wakiagaru,39175,Plan to Watch
Circlet Princess,38157,Dropped
Citrus,34382,Completed
ClassicaLoid,31157,Plan to Watch
Classroom☆Crisis,30383,Completed
Claymore,1818,Completed
Clockwork Planet,32407,Completed
Cocolors,34167,Completed
Colorful (Movie),8142,Completed
Comic Girls,35756,Completed
Conception,37823,Completed
Cool Doji Danshi,51680,Watching
Cop Craft,38940,Completed
Cop Craft: Utsukushiki Onna Kishi! Toraware no Yousei wo Oe!,40405,Completed
Coppelion,9479,Completed
Curry Meshi x Zombieland Saga,40477,Completed
Cyberpunk: Edgerunners,42310,Completed
Dance Dance Danseur,48702,On-Hold
Dance with Devils,29976,Plan to Watch
Danshi Koukousei no Nichijou,11843,Completed
Danshi Koukousei no Nichijou Specials,12893,Completed
Darling in the FranXX,35849,Completed
Darwin's Game,38656,Completed
Date A Bullet: Dead or Bullet,40416,Completed
Date A Bullet: Nightmare or Queen,42423,Completed
Date A Live,15583,Completed
Date A Live II,19163,Completed
Date A Live II: Kurumi Star Festival,22961,Completed
Date A Live III,36633,Completed
Date A Live IV,41461,On-Hold
Date A Live Movie: Mayuri Judgment,24655,Completed
Date A Live: Date to Date,17641,Completed
Days,24823,Completed
Daze,24429,Completed
Deaimon,48779,On-Hold
Death Billiards,14353,Completed
Death March kara Hajimaru Isekai Kyousoukyoku,34497,Completed
Death Note,1535,Dropped
Death Parade,28223,Completed
Deatte 5-byou de Battle,43814,Completed
Deca-Dence,40056,Completed
"Deemo Movie: Sakura no Oto - Anata no Kanadeta Oto ga, Ima mo Hibiku",40722,Plan to Watch
Demi-chan wa Kataritai,33988,Completed
Demi-chan wa Kataritai: Demi-chan no Natsuyasumi,35823,Completed
Dengta,52631,Plan to Watch
Denpa Onna to Seishun Otoko,9379,Completed
Denpa Onna to Seishun Otoko: Mayonaka no Taiyou,10638,Completed
Denpa-teki na Kanojo,5177,Completed
Devils Line,35928,Completed
Devils Line: Anytime Anywhere,37997,Completed
Dies Irae,32271,Completed
Dies Irae: Reimei,36524,Completed
Dies Irae: To the Ring Reincarnation,36515,Completed
Do It Yourself!!,48542,Watching
Dogeza de Tanondemita,42571,Completed
Dogeza de Tanondemita: Isekai-hen,42990,Completed
Dokyuu Hentai HxEros,40623,Completed
Domestic na Kanojo,37982,Completed
Dorohedoro,38668,Completed
Dorohedoro: Ma no Omake,41053,Completed
Dororo,37520,Completed
Double Decker! Doug & Kirill,37496,Completed
Double Decker! Doug & Kirill: Extra,38895,Completed
Double-J,10838,Completed
"Doukyonin wa Hiza, Tokidoki, Atama no Ue.",38145,Completed
Doukyuusei (Movie),30346,Completed
Dounika Naru Hibi,40747,Completed
Dr. Stone,38691,Completed
Dr. Stone: Stone Wars,40852,Completed
Dr. Stone: Stone Wars - Kaisen Zenya Special Eizou,43555,Completed
"Dragon, Ie wo Kau.",40526,Completed
Dumbbell Nan Kilo Moteru?,39026,Completed
Dungeon ni Deai wo Motomeru no wa Machigatteiru Darou ka,28121,Completed
Dungeon ni Deai wo Motomeru no wa Machigatteiru Darou ka Gaiden: Sword Oratoria,32887,Completed
Dungeon ni Deai wo Motomeru no wa Machigatteiru Darou ka II,37347,Completed
Dungeon ni Deai wo Motomeru no wa Machigatteiru Darou ka II OVA,40453,Completed
Dungeon ni Deai wo Motomeru no wa Machigatteiru Darou ka II: Past & Future,40064,Completed
Dungeon ni Deai wo Motomeru no wa Machigatteiru Darou ka III,40454,Completed
Dungeon ni Deai wo Motomeru no wa Machigatteiru Darou ka III OVA,44983,Completed
Dungeon ni Deai wo Motomeru no wa Machigatteiru Darou ka Movie: Orion no Ya,37348,Completed
Dungeon ni Deai wo Motomeru no wa Machigatteiru Darou ka OVA,32801,Completed
Eden (ONA),39728,Plan to Watch
Edens Zero,42192,Completed
Egao no Daika,38544,Completed
Eiga Daisuki Pompo-san,41361,Completed
Eikoku Koi Monogatari Emma: Molders-hen,2035,Plan to Watch
Eizouken ni wa Te wo Dasu na!,39792,Completed
Elfen Lied,226,Completed
Endro~!,38062,Completed
Enen no Shouboutai,38671,Completed
Enen no Shouboutai: Ni no Shou,40956,Completed
Escha Chron,34208,Plan to Watch
Evangelion: 1.0 You Are (Not) Alone,2759,Completed
Evangelion: 2.0 You Can (Not) Advance,3784,Completed
Evangelion: 3.0 You Can (Not) Redo,3785,Completed
Ex-Arm,38853,Completed
Fairy Gone,39063,Completed
Fairy Gone Part 2,39811,Completed
Fairy Ranmaru: Anata no Kokoro Otasuke Shimasu,45665,Completed
Fantastic Children,455,Plan to Watch
FLCL,227,Completed
FLCL Alternative,35842,Completed
FLCL Progressive,33010,Completed
Fractale,9314,Plan to Watch
Fragtime,39545,Completed
Free!,18507,Completed
Free! Eternal Summer,22265,Completed
Fruits Basket,120,Dropped
Fruits Basket 1st Season,38680,Completed
Fruits Basket 2nd Season,40417,Completed
Fruits Basket: The Final,42938,Completed
Fudanshi Koukou Seikatsu,33222,Completed
"Fudanshi Koukou Seikatsu: Sports no Aki, Bonnou no Aki",36629,Completed
Fugou Keiji: Balance:Unlimited,41120,Completed
Fukumenkei Noise,33203,Plan to Watch
Fumetsu no Anata e,41025,On-Hold
Fune wo Amu,32948,Plan to Watch
Futoku no Guild,51212,Watching
"Fuufu Ijou, Koibito Miman.",50425,Watching
Fuuka,33743,Plan to Watch
Gaikotsu Shotenin Honda-san,36317,Completed
Gaikotsu Shotenin Honda-san OVA,38527,Completed
Gakuen Basara,37657,Dropped
Gal to Kyouryuu,40358,Completed
Gamers!,34280,Completed
Gangsta.,25183,Plan to Watch
Gekidol: Actidol Project,32455,Completed
Gekkan Shoujo Nozaki-kun,23289,Completed
Gekkan Shoujo Nozaki-kun Specials,27633,Completed
Genjitsu Shugi Yuusha no Oukoku Saikenki,41710,Completed
Gibiate,40074,Completed
Girly Air Force,37998,Dropped
Given,39533,Completed
Given Movie,40421,Completed
Glass no Hana to Kowasu Sekai,25907,Plan to Watch
Glasslip,23079,Completed
Gleipnir,39463,Completed
Goblin Slayer,37349,Completed
Goblin Slayer: Bouken Kiroku Youshi - Adventure Sheet,38807,Completed
Goblin Slayer: Goblin's Crown,39576,Completed
Godzilla: S.P,43229,Completed
Gokukoku no Brynhildr,21431,Completed
Gokukoku no Brynhildr: Kara Sawagi,24695,Completed
Gokushufudou,43692,Completed
Golden Time,17895,Completed
Gosick,8425,Completed
Gotcha!,42984,Completed
Granbelm,39417,Completed
Grancrest Senki,34279,Completed
Grancrest Senki: Tsuisou,37505,Completed
Grand Blue,37105,Completed
Great Pretender,40052,Completed
Green Green,133,Plan to Watch
Grimms Notes The Animation,37154,Dropped
Guilty Crown,10793,Completed
Guilty Crown: 4-koma Gekijou,13561,Completed
Guilty Crown: Lost Christmas - An Episode of Port Town,13411,Completed
Gunjou no Magmell,37806,Completed
Guraburu!,41574,Completed
Gyo,10417,Completed
Gyokou no Nikuko-chan,45620,Completed
"Hachi-nan tte, Sore wa Nai deshou!",38830,Completed
Hachigatsu no Cinderella Nine,38091,Dropped
Hadashi no Gen,1824,Plan to Watch
Hai to Gensou no Grimgar,31859,Completed
Hai to Gensou no Grimgar: Furoagari no Kabe ni Kaketa Seishun - One More Centimeter,32561,Completed
Haibane Renmei,387,Plan to Watch
Hajimete no Gal,34403,Completed
Hajimete no Gal: Hajimete no Bunkasai,35237,Completed
Hakubo,34972,Completed
Hakumei to Mikochi,36094,Plan to Watch
Hal,16528,Plan to Watch
Hametsu no Mars,413,Completed
Hand Shakers,32981,Completed
Hangyakusei Million Arthur,37555,Dropped
Happy Sugar Life,37517,Completed
Harmony,28211,Plan to Watch
HaruChika: Haruta to Chika wa Seishun suru,30895,Completed
Hashiri Tsuzukete Yokatta tte.,38254,Completed
Hataage! Kemono Michi,39030,Completed
Hataraku Maou-sama!,15809,Completed
Hataraku Saibou,37141,Completed
Hataraku Saibou Black,41694,Completed
Hataraku Saibou Specials,39605,Completed
Hataraku Saibou!!,39586,Completed
Hataraku Saibou: Kaze Shoukougun,38733,Completed
Hataraku Saibou: Necchuushou - Moshimo Pocari Sweat ga Attara,40076,Completed
Hatena☆Illusion,35252,Completed
"Hatena☆Illusion: Koi to Mahou no Illusion de, Muchuu Sasechaimasu! Special",41285,Completed
He Wei Dao x Re:Cong Ling Kaishi de Yi Shijie Shenghuo,38389,Completed
Heion Sedai no Idaten-tachi,42625,Completed
Hello World,38816,Completed
Hentatsu (TV),40995,Completed
Hentatsu (TV) Recap,41564,Completed
Heroine Tarumono! Kiraware Heroine to Naisho no Oshigoto,49692,On-Hold
Hige wo Soru. Soshite Joshikousei wo Hirou.,40938,Completed
High Score Girl,21877,Completed
High Score Girl II,39570,Completed
High Score Girl: Extra Stage,38422,Completed
Highschool of the Dead,8074,Completed
Highschool of the Dead: Drifters of the Dead,9515,Completed
Himote House,36945,Completed
Hinamatsuri (TV),36296,Completed
Hitoribocchi no Marumaru Seikatsu,37614,Completed
Hiyokoi,8768,Plan to Watch
Honobono Log,33241,Plan to Watch
Honzuki no Gekokujou: Shisho ni Naru Tame ni wa Shudan wo Erandeiraremasen,39468,Completed
Honzuki no Gekokujou: Shisho ni Naru Tame ni wa Shudan wo Erandeiraremasen 2nd Season,40815,Completed
Honzuki no Gekokujou: Shisho ni Naru Tame ni wa Shudan wo Erandeiraremasen 3rd Season,42429,Completed
Honzuki no Gekokujou: Shisho ni Naru Tame ni wa Shudan wo Erandeiraremasen OVA,40841,Completed
Honzuki no Gekokujou: Shisho ni Naru Tame ni wa Shudan wo Erandeiraremasen Recap,51616,Completed
Hoozuki no Reitetsu,20431,Plan to Watch
Hori-san to Miyamura-kun,14753,Plan to Watch
Horimiya,42897,Completed
Hortensia Saga,40961,Completed
Hoshi no Koe,256,Completed
Hoshi wo Ou Kodomo,9760,Completed
Hoshiai no Sora,37972,Completed
Hotaru no Haka,578,Completed
Hotarubi no Mori e,10408,Completed
Houkago Saikoro Club,38276,Completed
Houkago Teibou Nisshi,39730,Completed
Housekishou Richard-shi no Nazo Kantei,40230,Completed
Howl no Ugoku Shiro,431,Completed
Hyakuren no Haou to Seiyaku no Valkyria,37446,Completed
Hyouka,12189,Completed
Hyouka: Motsubeki Mono wa,13469,Completed
Hypnosis Mic: Division Rap Battle - Rhyme Anima,40803,Completed
Id:Invaded,40046,Completed
Idolls!,42981,Completed
Idoly Pride,40842,Completed
"Ijiranaide, Nagatoro-san",42361,Completed
Ikebukuro West Gate Park,40359,Completed
"Ima, Soko ni Iru Boku",160,Completed
Inferno Cop,16774,Completed
Infinite Dendrogram,38909,Completed
Ingress the Animation,37438,Completed
Inou-Battle wa Nichijou-kei no Naka de,25159,Plan to Watch
Inu to Neko Docchi mo Katteru to Mainichi Tanoshii,40833,Completed
Irozuku Sekai no Ashita kara,37497,Completed
Isekai Cheat Magician,37744,Completed
Isekai Maou to Shoukan Shoujo no Dorei Majutsu,37210,Completed
Isekai Maou to Shoukan Shoujo no Dorei Majutsu Ω,41623,Completed
Isekai Quartet,38472,Completed
Isekai Quartet 2,39988,Completed
Isekai wa Smartphone to Tomo ni.,35203,Completed
Ishuzoku Reviewers,40010,Completed
Island,33012,Completed
Isshuukan Friends.,21327,Completed
Isuca,25429,Plan to Watch
Itai no wa Iya nano de Bougyoryoku ni Kyokufuri Shitai to Omoimasu.,38790,Completed
Ito Junji: Collection - Tomie,36992,Completed
Itsudatte Bokura no Koi wa 10 cm Datta.,36220,Completed
Itsuka Aeru Kimi ni,38473,Completed
Iwa Kakeru! Sport Climbing Girls,41783,Completed
Iya na Kao sare nagara Opantsu Misete Moraitai,37021,Completed
Jahy-sama wa Kujikenai!,48753,Completed
Jaku-Chara Tomozaki-kun,40530,Completed
Jashin-chan Dropkick,36906,Completed
Jashin-chan Dropkick Episode 12,38383,Completed
Jashin-chan Dropkick',39049,Completed
Jibaku Shounen Hanako-kun,39534,Completed
Jijou wo Shiranai Tenkousei ga Guigui Kuru.,53621,Plan to Watch
Jin-Rou,570,Plan to Watch
Jingai-san no Yome,37992,Completed
Jinrui wa Suitai Shimashita,10357,Plan to Watch
JoJo no Kimyou na Bouken (TV),14719,Completed
JoJo no Kimyou na Bouken Part 3: Stardust Crusaders,20899,Completed
JoJo no Kimyou na Bouken Part 3: Stardust Crusaders 2nd Season,26055,Completed
Josee to Tora to Sakana-tachi,40787,Completed
Joshikausei,38295,Completed
Joshikousei no Mudazukai,38619,Completed
Jouran: The Princess of Snow and Blood,47250,Completed
Jujutsu Kaisen,40748,Completed
Jujutsu Kaisen 0 Movie,48561,Completed
Just Because!,35639,Completed
Kabukichou Sherlock,38161,Completed
Kagami no Kojou,51116,Plan to Watch
Kage no Jitsuryokusha ni Naritakute!,48316,Watching
Kageki Shoujo!!,43691,Completed
Kaguya-sama wa Kokurasetai: Tensai-tachi no Renai Zunousen,37999,Completed
Kaguya-sama wa Kokurasetai? Tensai-tachi no Renai Zunousen,40591,Plan to Watch
Kai Byoui Ramune,42822,Completed
Kaiba,3701,Plan to Watch
Kaichou wa Maid-sama!,7054,Completed
Kaichou wa Maid-sama!: Goshujinsama to Asonjao♥,10298,Completed
Kaichou wa Maid-sama!: Omake dayo!,9366,Completed
Kaifuku Jutsushi no Yarinaoshi,40750,Completed
Kaizoku Oujo,42544,Completed
Kakegurui,34933,Completed
Kakegurui Picture Drama,38939,Completed
Kakegurui××,37086,Completed
Kakushigoto,40716,Completed
Kami no Tou,40221,Completed
Kami-tachi ni Hirowareta Otoko,41312,Completed
Kamisama ni Natta Hi,41930,Completed
Kamisama no Inai Nichiyoubi,16009,Plan to Watch
Kanashimi no Belladonna,3220,Plan to Watch
Kanata no Astra,39198,Completed
Kandagawa Jet Girls,40196,Dropped
Kannagi,3958,Plan to Watch
Kanojo mo Kanojo,43969,Completed
Kanojo to Kanojo no Neko: Everything Flows,32491,Plan to Watch
"Kanojo, Okarishimasu",40839,Completed
Karakai Jouzu no Takagi-san,35860,Completed
Karakai Jouzu no Takagi-san 2,38993,Completed
Karakai Jouzu no Takagi-san: Water Slide,37621,Completed
Karakuri Circus,37447,Completed
Katsute Kami Datta Kemono-tachi e,39199,Completed
Kawaii dake ja Nai Shikimori-san,45613,On-Hold
Kawaikereba Hentai demo Suki ni Natte Kuremasu ka?,39326,Completed
Kawaki wo Ameku,39112,Completed
Kaze ga Tsuyoku Fuiteiru,37965,Completed
Keifuku-san,36156,Completed
Keijo!!!!!!!!,32686,Plan to Watch
Keishichou Tokumubu Tokushu Kyouakuhan Taisakushitsu Dainanaka: Tokunana,39567,Completed
Kemono Jihen,40908,Completed
Kemono no Souja Erin,5420,Plan to Watch
Kemurikusa (TV),37302,Dropped
Kenja no Mago,36407,Completed
Kidou Senshi Gundam: Suisei no Majo,49828,Watching
Kikumana,4460,Completed
Kill la Kill,18679,Completed
Kill la Kill Specials,21659,Completed
Kimetsu no Yaiba,38000,Completed
Kimi dake ni Motetainda.,40335,Completed
Kimi ni Todoke,6045,Completed
Kimi ni Todoke 2nd Season,9656,Completed
Kimi ni Todoke 2nd Season: Kataomoi,10152,Completed
Kimi ni Todoke 2nd Season: Minitodo Gekijou,10536,Completed
Kimi no Hikari: Asagao to Kase-san.,35159,Completed
Kimi no Koe wo Todoketai,33218,Completed
Kimi no Matsu Mirai (Basho) e,38678,Completed
Kimi no Na wa.,32281,Completed
Kimi no Suizou wo Tabetai,36098,Completed
"Kimi to Boku no Saigo no Senjou, Aruiwa Sekai ga Hajimaru Seisen",40595,Completed
"Kimi to, Nami ni Noretara",38594,Completed
King's Raid: Ishi wo Tsugumono-tachi,41834,Completed
Kiseijuu: Sei no Kakuritsu,22535,Completed
Kishuku Gakkou no Juliet,37475,Completed
Kiss x Sis,5042,Completed
Kiss x Sis (TV),7593,Completed
Kitsutsuki Tanteidokoro,39582,Completed
Kiznaiver,31798,Completed
Kobayashi-san Chi no Maid Dragon,33206,Completed
Kobayashi-san Chi no Maid Dragon S,39247,Completed
"Kobayashi-san Chi no Maid Dragon: Valentine, Soshite Onsen! - Amari Kitai Shinaide Kudasai",35363,Completed
Kobayashi-san Chi no OO Dragon,35145,Completed
Kochouki: Wakaki Nobunaga,38920,Completed
Koe de Oshigoto! The Animation,8876,Plan to Watch
Koe no Katachi,28851,Completed
Koi Kaze,634,Plan to Watch
Koi to Producer: EVOL×LOVE,40075,Completed
Koi to Uso,34934,Completed
Koi to Uso: Isshou no Koi/Koi no Kimochi,37711,Completed
Koi to Yobu ni wa Kimochi Warui,41103,Completed
Koi wa Ameagari no You ni,34984,Completed
Koisuru Asteroid,39388,Completed
Koisuru Asteroid: Furikaeri - KiraKira Special!,41271,Completed
Koisuru Asteroid: KiraKira Zoukan-gou,40989,Completed
Kokoro Connect,11887,Completed
Kokoro Connect: Michi Random,16001,Completed
Kokoro ga Sakebitagatterunda.,28725,Completed
Kono Oto Tomare!,38080,Completed
Kono Oto Tomare! Part 2,38889,Completed
Kono Subarashii Sekai ni Shukufuku wo!,30831,Completed
Kono Subarashii Sekai ni Shukufuku wo! 2,32937,Completed
Kono Subarashii Sekai ni Shukufuku wo! 2: Kono Subarashii Geijutsu ni Shukufuku wo!,34626,Completed
Kono Subarashii Sekai ni Shukufuku wo! Kono Subarashii Choker ni Shukufuku wo!,32380,Completed
Kono Yo no Hate de Koi wo Utau Shoujo YU-NO,34620,Completed
Kono Yo no Hate de Koi wo Utau Shoujo YU-NO: Mugen no Heiretsu Sekai,39846,Completed
Kotonoha no Niwa,16782,Completed
Koukyuu no Karasu,50590,Watching
Koutetsujou no Kabaneri,28623,Completed
Koutetsujou no Kabaneri Movie 3: Unato Kessen,34544,Completed
Kouya no Kotobuki Hikoutai,38301,Dropped
Kujira no Kora wa Sajou ni Utau,34712,Plan to Watch
Kuma Kuma Kuma Bear,40974,Completed
"Kumo desu ga, Nani ka?",37984,Completed
Kumorizora no Mukou wa Hareteiru,52507,Completed
Kunoichi Tsubaki no Mune no Uchi,50338,Plan to Watch
Kuroi Ame ni Utarete,19135,Plan to Watch
Kuuchuu Buranko,6774,Plan to Watch
Kuutei Dragons,39531,Completed
Kuzu no Honkai,32949,Completed
Kyochuu Rettou,38915,Completed
Kyochuu Rettou Movie,40332,Completed
Kyokou Suiri,39017,Completed
Kyoto Teramachi Sanjou no Holmes,37458,Completed
Kyuukyoku Shinka shita Full Dive RPG ga Genjitsu yori mo Kusoge Dattara,44276,Completed
Laidbackers,38558,Completed
Lapis Re:LiGHTs,37587,Completed
Listeners,40165,Completed
Litchi DE Hikari Club,15045,Plan to Watch
Little Witch Academia,14349,Completed
Little Witch Academia (TV),33489,Completed
Little Witch Academia: Mahoujikake no Parade,19489,Completed
Log Horizon,17265,Completed
Log Horizon 2nd Season,23321,Completed
Log Horizon: Entaku Houkai,41109,Completed
Machikado Mazoku,39071,Completed
Machikado Mazoku: 2-choume,42745,On-Hold
Machine-Doll wa Kizutsukanai,17247,Plan to Watch
Made in Abyss,34599,Completed
Maesetsu!,40085,Completed
Magatsu Wahrheit: Zuerst,37599,Completed
Mahou Shoujo Tokushusen Asuka,37979,Dropped
Mahoutsukai no Yome,35062,Completed
Mahoutsukai no Yome: Gakuin-hen,40134,Completed
Maid of the Dead,20811,Completed
Maiko-san Chi no Makanai-san,41556,On-Hold
Mairimashita! Iruma-kun,39196,Completed
Mairimashita! Iruma-kun 2nd Season,41402,Completed
Mairimashita! Iruma-kun 3rd Season,49784,Watching
Majo no Tabitabi,40571,Completed
Majutsushi Orphen Hagure Tabi,37576,Completed
Majutsushi Orphen Hagure Tabi: Kimluck-hen,41573,Completed
Majutsushi Orphen Hagure Tabi: Tennin no Isan,41549,Completed
Makura no Danshi,30705,Plan to Watch
"Maou Gakuin no Futekigousha: Shijou Saikyou no Maou no Shiso, Tensei shite Shison-tachi no Gakkou e Kayou",40496,Completed
Maou-jou de Oyasumi,40397,Completed
"Maou-sama, Retry!",38297,Completed
Mars Red,41265,Completed
Masamune-kun no Revenge,33487,Completed
"Masamune-kun no Revenge: Uchi no Mama ni Kagitte/Tsunade Shima, Futatabi./12-Ji o Sugita Shinderera",37377,Completed
Mashiro no Oto,42590,Completed
Mashiro-iro Symphony: The Color of Lovers,10397,Dropped
Mawaru Penguindrum,10721,Plan to Watch
Mayo Chiki!,10110,Completed
Mayonaka no Occult Koumuin,37964,Completed
Mayonaka no Occult Koumuin OVA,39972,Completed
Mayonaka no Occult Koumuin: Fukurokouji to Ano Ko to Ore to,39382,Completed
Märchen Mädchen,35997,Completed
Märchen Mädchen Specials,37973,Completed
Megami-ryou no Ryoubo-kun.,41812,Completed
Meikyuu Black Company,42340,Completed
Mekakucity Actors,21603,Completed
Meng Qi Shi Shen,37618,Dropped
Merc Storia: Mukiryoku no Shounen to Bin no Naka no Shoujo,37232,Completed
Mewkledreamy,40327,Dropped
Midara na Ao-chan wa Benkyou ga Dekinai,38778,Completed
Miira no Kaikata,35828,Plan to Watch
Mini Dragon,48590,Completed
Mirai Nikki (TV),10620,Completed
Mirai no Mirai,36936,Completed
Miru Tights,38935,Completed
Miru Tights: Cosplay Satsuei Tights,40176,Completed
Misaki no Mayoiga,43755,Plan to Watch
Mob Psycho 100,32182,Completed
Mob Psycho 100 II,37510,Completed
Mob Psycho 100 III,50172,Watching
Mob Psycho 100: Dai Ikkai Rei toka Soudansho Ian Ryokou - Kokoro Mitasu Iyashi no Tabi,39651,Completed
Mob Psycho Mini,37504,Completed
Momokuri,30014,Plan to Watch
Mononoke Hime,164,Completed
Monster Musume no Oishasan,40708,Completed
Motto To LOVE-Ru,9181,Completed
Mugen no Juunin: Immortal,39806,Completed
Mugen no Ryvius,593,Plan to Watch
Muhyo to Rouji no Mahouritsu Soudan Jimusho,37487,Completed
Muhyo to Rouji no Mahouritsu Soudan Jimusho 2nd Season,39948,Completed
Munou na Nana,41619,Completed
Murenase! Seton Gakuen,40483,Completed
Murenase! Seton Gakuen Special,41008,Completed
Musaigen no Phantom World,31442,Plan to Watch
Mushikaburi-hime,50923,Watching
Mushoku Tensei: Isekai Ittara Honki Dasu,39535,Completed
Nakanohito Genome [Jikkyouchuu],37926,Completed
Nakanohito Genome [Jikkyouchuu]: Knots of Memories,40460,Completed
Nami yo Kiitekure,40513,Completed
Nande Koko ni Sensei ga!?,38397,Completed
Nande Koko ni Sensei ga!? Nande Koko ni Sensei-tachi ga!?,39689,Completed
"Natsu e no Tunnel, Sayonara no Deguchi",50593,Plan to Watch
Natsunagu!,40738,Completed
Nazo no Kanojo X,12467,Completed
Nazo no Kanojo X: Nazo no Natsu Matsuri,13093,Completed
Nekopara,38924,Completed
Nekopara: Koneko no Hi no Yakusoku,37983,Completed
"Nemure Omoigo, Sora no Shitone ni",30473,Completed
Neon Genesis Evangelion,30,Completed
Neon Genesis Evangelion: The End of Evangelion,32,Completed
Nerawareta Gakuen,14293,Plan to Watch
Net-juu no Susume,36038,Completed
Net-juu no Susume Special,36043,Completed
Netsuzou TRap,34383,Plan to Watch
New Game!,31953,Completed
"New Game! Watashi, Shain Ryokou tte Hajimete nano de...",34277,Completed
New Game!!,34914,Completed
Ni no Kuni,39235,Completed
Nichijou,10165,Completed
Nichijou: Nichijou no 0-wa,8857,Completed
NieA Under 7,800,Plan to Watch
Night Head 2041,43767,Dropped
Nihon Chinbotsu 2020,40515,Completed
Ningyou Tsukai,4774,Plan to Watch
Ninja Collection,42260,Completed
Nisekoi,18897,Completed
Nisekoi OVA,24227,Completed
Nisekoi:,27787,Completed
Nisekoi: OVA,32553,Completed
Nissin Men-nashi Donbei x Himote House,38899,Completed
No Game No Life,19815,Completed
No Game No Life Specials,24991,Completed
No Game No Life: Zero,33674,Completed
No Guns Life,39539,Completed
No Guns Life 2nd Season,40529,Completed
No.6,10161,Completed
Noblesse,41345,Completed
Noblesse: Awakening,32668,Completed
Nobunaga Concerto,24135,Plan to Watch
Nobunaga-sensei no Osanazuma,38814,Completed
Noragami,20507,Completed
Noragami Aragoto,30503,Completed
Noragami Aragoto OVA,30885,Completed
Noragami OVA,20767,Completed
Noumin Kanren no Skill bakka Agetetara Nazeka Tsuyoku Natta.,51128,Watching
Null Peta,40178,Completed
Null Peta: Doki♥ Nurunuru Petapeta! Mizugi-darake no Oneechan Taikai!,40932,Completed
number24,39583,Completed
number24 Recap,41586,Completed
Ochikobore Fruit Tart,39609,Completed
Oda Cinnamon Nobunaga,40136,Completed
Oda Nobuna no Yabou,11933,Plan to Watch
Odd Taxi,46102,Completed
Odd Taxi Movie: In the Woods,50653,Completed
"Omoi, Omoware, Furi, Furare",39753,Completed
Omoide Poroporo,1029,Plan to Watch
One Off,13283,Plan to Watch
One Piece Film: Red,50410,Completed
One Punch Man,30276,Completed
One Punch Man 2nd Season,34134,Completed
One Punch Man 2nd Season Specials,39705,Completed
One Punch Man Specials,31772,Completed
One Punch Man: Road to Hero,31704,Completed
Onna no Sono no Hoshi,52601,Plan to Watch
Orange,32729,Completed
Orange: Mirai,34136,Completed
Ore dake Haireru Kakushi Dungeon,41899,Completed
Ore ga Suki nano wa Imouto dakedo Imouto ja Nai,36632,Dropped
Ore Monogatari!!,28297,Completed
Ore no Kanojo to Osananajimi ga Shuraba Sugiru,14749,Completed
Ore wo Suki nano wa Omae dake ka yo,38483,Completed
Ore wo Suki nano wa Omae dake ka yo: Ore wa Teinei ni Susumeru,40807,Completed
Ore wo Suki nano wa Omae dake ka yo: Oretachi no Game Set,40936,Completed
"Ore, Tsushima",48252,Completed
Osake wa Fuufu ni Natte kara,35484,Plan to Watch
Osananajimi ga Zettai ni Makenai Love Comedy,43007,Completed
Oshi ga Budoukan Ittekuretara Shinu,37890,Completed
Otome Game no Hametsu Flag shika Nai Akuyaku Reijou ni Tensei shiteshimatta...,38555,Completed
Otome Game no Hametsu Flag shika Nai Akuyaku Reijou ni Tensei shiteshimatta... X,42282,Completed
Otona no Bouguya-san,38395,Completed
Otona no Bouguya-san (Rimen),39325,Completed
Otona no Bouguya-san II,42862,Completed
Oushitsu Kyoushi Heine,34262,Plan to Watch
Overlord,29803,Completed
Overlord II,35073,Completed
Overlord III,37675,Completed
Overlord: Ple Ple Pleiades,31138,Completed
Overlord: Ple Ple Pleiades - Clementine Toubou-hen,38693,Completed
Overlord: Ple Ple Pleiades - Nazarick Saidai no Kiki,33372,Completed
Overlord: Ple Ple Pleiades 2,37087,Completed
Overlord: Ple Ple Pleiades 3,37781,Completed
Pale Cocoon,770,Completed
Paprika,1943,Completed
Paripi Koumei,50380,On-Hold
Peach Boy Riverside,42627,Completed
Penguin Highway,37407,Completed
Perfect Blue,437,Completed
Pet,37522,Completed
Peter Grill to Kenja no Jikan,40436,Completed
Peter Grill to Kenja no Jikan: Super Extra,50348,Watching
Planet With,37578,Completed
Planetarian: Chiisana Hoshi no Yume,33091,Completed
Planetarian: Hoshi no Hito,33190,Completed
Plastic Memories,27775,Completed
Plunderer,37345,Completed
Pokemon Legends Arceus: Yuki Hodo Kishi Futaai,51145,Completed
Pole Princess!!,53680,Plan to Watch
Princess Connect! Re:Dive,39292,Completed
Prison School,30240,Completed
Prison School: Mad Wax,32485,Completed
Project Scard: Praeter no Kizu,42825,Completed
Promare,35848,Completed
Psycho-Pass,13601,Completed
Psycho-Pass 2,23281,Completed
Psycho-Pass Movie,21339,Completed
Psycho-Pass Movie: Providence,52747,Plan to Watch
Psycho-Pass: Sinners of the System Case.1 - Tsumi to Batsu,37440,Completed
Psycho-Pass: Sinners of the System Case.2 - First Guardian,37441,Completed
Psycho-Pass: Sinners of the System Case.3 - Onshuu no Kanata ni＿＿,37442,Completed
Pupa,19315,Completed
Qualidea Code,32360,Completed
Radiant,37202,Completed
Radiant 2nd Season,39355,Completed
Rail Romanesque,40958,Completed
Rail Wars!,23309,Plan to Watch
Rakudai Kishi no Cavalry,30296,Completed
Ramen Daisuki Koizumi-san,35298,Plan to Watch
Ranpo Kitan: Game of Laplace,28619,Plan to Watch
RDG: Red Data Girl,14921,Completed
Re:Creators,34561,Completed
Re:Zero kara Hajimeru Break Time,33142,Completed
Re:Zero kara Hajimeru Isekai Seikatsu,31240,Completed
Re:Zero kara Hajimeru Isekai Seikatsu - Hyouketsu no Kizuna,38414,Completed
Re:Zero kara Hajimeru Isekai Seikatsu - Memory Snow,36286,Completed
Re:Zero kara Hajimeru Isekai Seikatsu 2nd Season,39587,Completed
Re:Zero kara Hajimeru Isekai Seikatsu 2nd Season Part 2,42203,Completed
Release the Spyce,37221,Completed
ReLIFE,30015,Completed
ReLIFE: Kanketsu-hen,35466,Completed
ReLIFE: Kanketsu-hen Specials,37921,Completed
Renai Flops,51403,Watching
RErideD: Tokigoe no Derrida,35835,Completed
Revisions,37436,Dropped
Rifle Is Beautiful,38529,Completed
Rifle Is Beautiful: Zengoku Daikai Is Mokuzen,40769,Completed
Rikei ga Koi ni Ochita no de Shoumei shitemita.,38992,Completed
Rikei ga Koi ni Ochita no de Shoumei shitemita. Heart,43470,On-Hold
Ristorante Paradiso,5984,Plan to Watch
RobiHachi,38707,Dropped
Rokka no Yuusha,28497,Completed
Romantic Killer,52865,Watching
Room Mate,34393,Plan to Watch
Rozen Maiden,64,Completed
Rozen Maiden (2013),18041,Completed
Rozen Maiden: Ouvertüre,1719,Completed
Rozen Maiden: Träumend,65,Completed
Runway de Waratte,40392,Completed
Ryuu to Sobakasu no Hime,44807,Completed
Ryuuou no Oshigoto!,35905,Completed
Ryuusatsu no Kyoukotsu,48589,Plan to Watch
Saenai Heroine no Sodatekata,23277,Completed
Saenai Heroine no Sodatekata ♭,30727,Completed
Saezuru Tori wa Habatakanai: The Clouds Gather,39761,Completed
Saga Incident,40630,Completed
Sakamoto desu ga?,32542,Completed
Sakamoto desu ga? Sakamoto Deshita?,33524,Completed
Sakasama no Patema,12477,Completed
Sakura no Ondo,15393,Plan to Watch
Sakura Trick,20047,Completed
Sakura-sou no Pet na Kanojo,13759,Completed
Sakurada Reset,34102,Completed
Sakurako-san no Ashimoto ni wa Shitai ga Umatteiru,30187,Watching
Sankarea,11499,Completed
Sankarea OVA,13055,Completed
Sankarea: Wagahai mo... Zombie de Aru...,16694,Completed
Saraiya Goyou,7588,Plan to Watch
Satsuriku no Tenshi,35994,Completed
Sayonara no Asa ni Yakusoku no Hana wo Kazarou,35851,Completed
Sayonara Watashi no Cramer,42774,Completed
Sayonara Watashi no Cramer Movie: First Touch,42798,Completed
Scarlet Nexus,48492,Dropped
Schick x Evangelion,31115,Completed
School Days,2476,Completed
School Days: Magical Heart Kokoro-chan,3328,Completed
School Days: Valentine Days,3759,Completed
Schoolgirl Strikers: Animation Channel,34289,Plan to Watch
Seihou Bukyou Outlaw Star,400,Plan to Watch
Seijo no Maryoku wa Bannou desu,42826,Completed
Seikaisuru Kado: Ninovo,35369,Plan to Watch
Seiken Densetsu: Legend of Mana - The Teardrop Crystal,49304,Watching
Seikimatsu Occult Gakuin,6974,Plan to Watch
Seirei Gensouki,44203,Completed
Seishun Buta Yarou wa Bunny Girl Senpai no Yume wo Minai,37450,Completed
Seishun Buta Yarou wa Yumemiru Shoujo no Yume wo Minai,38329,Completed
Sekai Seifuku: Bouryaku no Zvezda,20973,Plan to Watch
Sekkou Boys,31540,Plan to Watch
Sen to Chihiro no Kamikakushi,199,Completed
Sennen Joyuu,1033,Completed
Senryuu Shoujo,38787,Completed
"Sentouin, Hakenshimasu!",41456,Completed
Senyoku no Sigrdrifa,41372,Completed
Senyoku no Sigrdrifa: Dai-909 Senjutsu Hime-tai Sentou Kiroku!,44236,Completed
Seven Knights Revolution: Eiyuu no Keishousha,47391,Completed
Sewayaki Kitsune no Senko-san,38759,Completed
"Shachou, Battle no Jikan desu!",40783,Completed
Shadows House,43439,Completed
Shakunetsu Kabaddi,42395,Completed
Shaman King (2021),42205,Completed
Shashinkan,20671,Completed
Shichisei no Subaru,36316,Completed
Shigatsu wa Kimi no Uso,23273,Completed
Shigatsu wa Kimi no Uso: Moments,28069,Completed
Shiguang Dailiren,44074,Completed
Shikioriori,37396,Completed
"Shin no Nakama ja Nai to Yuusha no Party wo Oidasareta node, Henkyou de Slow Life suru Koto ni Shimashita",44037,Completed
Shinchou Yuusha: Kono Yuusha ga Ore Tueee Kuse ni Shinchou Sugiru,38659,Completed
Shinchou Yuusha: Kono Yuusha ga Ore Tueee Kuse ni Shinchou Sugiru Recap,40849,Completed
Shingeki no Kyojin,16498,Completed
Shingeki no Kyojin OVA,18397,Completed
Shingeki no Kyojin Season 2,25777,Completed
Shingeki no Kyojin Season 3,35760,Completed
Shingeki no Kyojin Season 3 Part 2,38524,Completed
Shingeki no Kyojin: Kuinaki Sentaku,25781,Completed
Shingeki no Kyojin: Lost Girls,36106,Completed
Shingeki no Kyojin: The Final Season,40028,Completed
Shingeki no Kyojin: The Final Season Part 2,48583,On-Hold
Shingetsutan Tsukihime,169,Plan to Watch
Shinigami Bocchan to Kuro Maid,47257,Completed
Shinmai Renkinjutsushi no Tenpo Keiei,49849,Watching
Shinobi no Ittoki,51098,Watching
Shinreigari,2596,Plan to Watch
Shirobako,25835,Completed
Shirobako Movie,37804,Completed
Shirobako Specials,28105,Completed
Shiroi Suna no Aquatope,46093,Completed
Shironeko Project: Zero Chronicle,38843,Completed
Shisha no Teikoku,28625,Completed
Shitcom,16608,Completed
Shoumetsu Toshi,37952,Completed
Shuumatsu Nani Shitemasu ka? Isogashii desu ka? Sukutte Moratte Ii desu ka?,33502,Completed
Shuumatsu no Walküre,44942,Plan to Watch
Sirius,37569,Completed
Skate-Leading☆Stars,40786,Completed
SK∞,42923,Completed
"Slime Taoshite 300-nen, Shiranai Uchi ni Level Max ni Nattemashita",40586,Completed
Somali to Mori no Kamisama,39575,Completed
"Sono Toki, Kanojo wa.",38251,Completed
Sora to Umi no Aida,36000,Dropped
Sora yori mo Tooi Basho,35839,Completed
Sore ga Seiyuu!,29163,Plan to Watch
Soukou Musume Senki,36458,Completed
Sounan desu ka?,39456,Completed
Soutai Sekai,35255,Plan to Watch
Special A,3470,Completed
Spy x Family,50265,Completed
Spy x Family Part 2,50602,Watching
SSSS.Dynazenon,40870,Completed
SSSS.Gridman,35847,Completed
Stand My Heroes: Piece of Truth,38331,Completed
Stranger: Mukou Hadan,2418,Completed
Strike the Blood,18277,Completed
Strike the Blood II,33286,Completed
Strike the Blood III,37449,Dropped
Strike the Blood: Valkyria no Oukoku-hen,30321,Completed
Subarashiki Kono Sekai The Animation,42307,Completed
Sugar Apple Fairy Tale,49980,Plan to Watch
Sugar*Soldier,21773,Completed
Suki tte Ii na yo.,14289,Completed
Suki tte Ii na yo. Dareka ga,16868,Completed
Suki tte Ii na yo. Mei and Marshmallow,17409,Completed
Summer Ghost,48171,Plan to Watch
Summer Wars,5681,Completed
Sunabouzu,25,Plan to Watch
Super Cub,40685,Completed
Super Senko-san Time Episode 12,39995,Completed
Super Shiro,39183,Completed
Suzumiya Haruhi no Shoushitsu,7311,Completed
Suzumiya Haruhi no Yuuutsu,849,Completed
Suzumiya Haruhi no Yuuutsu (2009),4382,Completed
Sword Art Online,11757,Completed
Sword Art Online Alternative: Gun Gale Online,36475,Completed
Sword Art Online Alternative: Gun Gale Online - Refrain,37831,Completed
Sword Art Online Fatal Bullet: The Third Episode,37362,Completed
Sword Art Online Fatal Bullet: The Third Episode - Pilot-ban,37278,Completed
Sword Art Online II,21881,Completed
Sword Art Online II: Debriefing,27891,Completed
Sword Art Online II: Sword Art Offline II,28063,Completed
Sword Art Online Movie: Ordinal Scale,31765,Completed
Sword Art Online: Alicization,36474,Completed
Sword Art Online: Alicization - Recollection,39239,Completed
Sword Art Online: Alicization - War of Underworld,39597,Completed
Sword Art Online: Alicization - War of Underworld 2nd Season,40540,Completed
Sword Art Online: Alicization - War of Underworld Reflection,40489,Completed
Sword Art Online: Extra Edition,20021,Completed
Sword Art Online: Sword Art Offline,16099,Completed
Sword Art Online: Sword Art Offline - Extra Edition,21879,Completed
Taboo Tattoo,29758,Plan to Watch
Tachibanakan Triangle,36943,Plan to Watch
Tada-kun wa Koi wo Shinai,36470,Completed
Taiho Shichau zo,1577,Plan to Watch
Taisou Zamurai,42668,Completed
Tamala 2010: A Punk Cat in Space,2033,Plan to Watch
Tamayomi,39966,Completed
"Tantei wa Mou, Shindeiru.",46471,Completed
Tatakau Shisho: The Book of Bantorra,6758,Plan to Watch
Tate no Yuusha no Nariagari,35790,Completed
Tatoeba Last Dungeon Mae no Mura no Shounen ga Joban no Machi de Kurasu Youna Monogatari,40594,Completed
Tejina-senpai,38610,Completed
Ten Count,37616,Plan to Watch
Tenchi Souzou Design-bu,41762,Completed
Tenchi Souzou Design-bu: Idea 13,46587,Completed
Tenka Hyakken: Meiji-kan e Youkoso!,40320,Completed
Tenki no Ko,38826,Completed
Tenkuu no Shiro Laputa,513,Plan to Watch
Tensai Ouji no Akaji Kokka Saisei Jutsu,47159,Completed
Tensei shitara Ken Deshita,49891,Watching
Tensei shitara Slime Datta Ken,37430,Completed
Tensei shitara Slime Datta Ken 2nd Season,39551,Completed
Tensei shitara Slime Datta Ken 2nd Season Part 2,41487,Completed
Tensei shitara Slime Datta Ken 2nd Season: Kanwa - Veldora Nikki 2,49318,Completed
Tensei shitara Slime Datta Ken OVA,38793,Completed
Tensei shitara Slime Datta Ken: Kanwa - Hinata Sakaguchi,45753,Completed
Tensei shitara Slime Datta Ken: Kanwa - Veldora Nikki,39607,Completed
Tenshi no Tamago,885,Plan to Watch
Tensura Nikki: Tensei shitara Slime Datta Ken,41488,Completed
The Everlasting Guilty Crown,17949,Completed
The God of High School,41353,Completed
The God of High School PV,42893,Completed
The Missing 8,50689,Completed
To LOVE-Ru,3455,Completed
To LOVE-Ru Darkness,13663,Completed
To LOVE-Ru Darkness 2nd,28979,Completed
To LOVE-Ru Darkness 2nd OVA,31380,Completed
To LOVE-Ru Darkness 2nd Specials,31711,Completed
To LOVE-Ru Darkness OVA,13851,Completed
To LOVE-Ru OVA,5667,Completed
To LOVE-Ru: Multiplication - Mae kara Ushiro kara,35000,Completed
Toaru Hikuushi e no Koiuta,19117,Plan to Watch
Toki wo Kakeru Shoujo,2236,Completed
Tokyo Ghoul,22319,Completed
Tokyo Ghoul √A,27899,Completed
"Tokyo Ghoul: ""Jack""",30458,Completed
"Tokyo Ghoul: ""Pinto""",31297,Completed
Tokyo Ghoul:re,36511,Completed
Tokyo Ghoul:re 2nd Season,37799,Completed
Tokyo Godfathers,759,Completed
Tokyo Magnitude 8.0,6211,Completed
Tokyo Revengers,42249,Completed
Tomorrow's Leaves,49467,Plan to Watch
Tonari no Kyuuketsuki-san,37579,Completed
Tonikaku Kawaii,41389,Completed
Toradora!,4224,Completed
Toradora!: Bentou no Gokui,11553,Completed
Toradora!: SOS! Kuishinbou Banbanzai,6127,Completed
Toshokan Sensou,3613,Plan to Watch
Totsukuni no Shoujo,39495,Completed
Totsukuni no Shoujo (2022),48405,Plan to Watch
Trigger-chan,33934,Completed
Trinity Seven,25157,Completed
Trinity Seven Movie 1: Eternity Library to Alchemic Girl,33581,Completed
Trinity Seven: Nanatsu no Taizai to Nana Madoushi,28285,Completed
Try Knights,39527,Dropped
Tsuki ga Kirei,34822,Completed
Tsuki ga Kirei Special,36539,Completed
Tsuki ga Michibiku Isekai Douchuu,43523,Completed
Tsukumogami Kashimasu,36654,Completed
Tsumiki no Ie,5365,Plan to Watch
Tsurezure Children,34902,Completed
Tsurune: Kazemai Koukou Kyuudou-bu,36653,Completed
Tsurune: Kazemai Koukou Kyuudou-bu - Yabai,38921,Completed
Tsuujou Kougeki ga Zentai Kougeki de Ni-kai Kougeki no Okaasan wa Suki desu ka?,38573,Completed
Tsuujou Kougeki ga Zentai Kougeki de Ni-kai Kougeki no Okaasan wa Suki desu ka? Namiuchigiwa no Okaasan wa Suki desu ka?,40102,Completed
Two Car,36009,Plan to Watch
"Uchi no Ko no Tame naraba, Ore wa Moshikashitara Maou mo Taoseru kamo Shirenai.",39324,Completed
Uchi no Maid ga Uzasugiru!,37722,Completed
Uchi no Maid ga Uzasugiru!: Uchi no Maid wa Yappari Mou Honto Uzainda naa...,39606,Completed
Uchi no Shishou wa Shippo ga Nai,49533,Watching
Uchi Tama?! Uchi no Tama Shirimasen ka?,39942,Completed
Uchuu Show e Youkoso,8115,Plan to Watch
Udon no Kuni no Kiniro Kemari,32673,Plan to Watch
Ueno-san wa Bukiyou,37920,Completed
UFO Gakuen no Himitsu,30850,Plan to Watch
Ultraman,36871,Dropped
Ulysses: Jehanne Darc to Renkin no Kishi,36510,Completed
Umibe no Étranger,40615,Completed
Ura Sekai Picnic,41392,Completed
Uragiri wa Boku no Namae wo Shitteiru,7058,Plan to Watch
Urahara,35250,Plan to Watch
Uramichi Oniisan,40620,Completed
Urashimasakatasen no Nichijou,40197,Completed
Urban Square: Kohaku no Tsuigeki,2690,Plan to Watch
Urusei Yatsura (2022),50710,Watching
Uzaki-chan wa Asobitai!,41226,Completed
Uzaki-chan wa Asobitai! Double,42962,Watching
Val x Love,39799,Completed
Valkyrie Drive: Mermaid,30385,Plan to Watch
Vanitas no Karte,48580,Completed
Vanitas no Karte Part 2,49114,On-Hold
Vinland Saga,37521,Completed
Violet Evergarden,33352,Completed
"Violet Evergarden: Kitto ""Ai"" wo Shiru Hi ga Kuru no Darou",37095,Completed
Virtual-san wa Miteiru,38851,Dropped
Vivy: Fluorite Eye's Song,46095,Completed
Vlad Love,39990,Completed
W'z,37509,Dropped
Wasureta Furi wo Shite,42488,Completed
Watashi ga Motenai no wa Dou Kangaetemo Omaera ga Warui!,16742,Plan to Watch
Watashi ni Tenshi ga Maiorita!,37993,Completed
Watashi ni Tenshi ga Maiorita! Special,38999,Completed
"Watashi, Nouryoku wa Heikinchi de tte Itta yo ne!",37393,Completed
Wave!! Surfing Yappe!! (TV),46118,Dropped
"Wei, Kanjian Erduo La!",38217,Completed
"Wei, Kanjian Erduo La! 2",39380,Completed
Wonder Egg Priority,43299,Completed
Wonder Egg Priority: Watashi no Priority,48614,Completed
Wotaku ni Koi wa Muzukashii,35968,Completed
Wotaku ni Koi wa Muzukashii OVA,38349,On-Hold
Yagate Kimi ni Naru,37786,Completed
Yahari Ore no Seishun Love Comedy wa Machigatteiru.,14813,Completed
Yahari Ore no Seishun Love Comedy wa Machigatteiru. Kan,39547,Completed
Yahari Ore no Seishun Love Comedy wa Machigatteiru. OVA,18753,Completed
Yahari Ore no Seishun Love Comedy wa Machigatteiru. Zoku,23847,Completed
Yahari Ore no Seishun Love Comedy wa Machigatteiru. Zoku OVA,33161,Completed
Yaku nara Mug Cup mo,42568,Completed
Yakusoku no Nanaya Matsuri,37970,Completed
Yakusoku no Neverland,37779,Completed
Yakusoku no Neverland 2nd Season,39617,Completed
Yakusoku no Neverland 2nd Season: Michishirube,47616,Completed
Yami Shibai,19383,Completed
Yami Shibai 2,22537,Completed
Yami Shibai 3,31994,Completed
Yami Shibai 4,34467,Completed
Yami Shibai 5,35714,Completed
Yami Shibai 6,37893,Completed
Yami Shibai 7,39836,Completed
Yami Shibai 8,44208,Completed
Yami Shibai 9,49110,Completed
Yamiyo,39989,Completed
Yatogame-chan Kansatsu Nikki,37940,Completed
Yatogame-chan Kansatsu Nikki Nisatsume,39960,Completed
Yatogame-chan Kansatsu Nikki Sansatsume,42959,Completed
Yesterday wo Utatte,39710,Completed
Yesterday wo Utatte: Haishin-ban Episode,41660,Completed
Yoru no Kuni,48727,On-Hold
Yoru wa Mijikashi Arukeyo Otome,34537,Completed
Youjo Senki,32615,Completed
Youjo Senki Movie,37055,Completed
Youjo Senki: Sabaku no Pasta Daisakusen,49236,Plan to Watch
Youjo Shenki,34742,Completed
Youjo Shenki Episode 0,34723,Completed
Youkoso Jitsuryoku Shijou Shugi no Kyoushitsu e,35507,Completed
Yutori-chan,7770,Plan to Watch
Yuukai Anna,38017,Completed
Yuukoku no Moriarty,40911,Completed
Yuukoku no Moriarty Part 2,43325,Completed
"Yuusha Party wo Tsuihou sareta Beast Tamer, Saikyoushu no Nekomimi Shoujo to Deau",52046,Watching
"Yuusha, Yamemasu",50175,Completed
Z/X: Ignition,20533,Plan to Watch
Zankyou no Terror,23283,Completed
Zashiki Warashi no Tatami-chan,41124,Completed
Zetsuen no Tempest,14075,Completed
Zettai Shougeki: Platonic Heart,5020,Plan to Watch
Zombieland Saga,37976,Completed
Zombieland Saga Revenge,40174,Completed
