,AnimeTitle,ID,Status,URL
0,001,29978,Completed,https://myanimelist.net/anime/29978
1,00:08,28761,Completed,https://myanimelist.net/anime/28761
2,100-man no Inochi no Ue ni Ore wa Tatteiru,41380,Completed,https://myanimelist.net/anime/41380
3,100-man no Inochi no Ue ni Ore wa Tatteiru 2nd Season,44881,Completed,https://myanimelist.net/anime/44881
4,2.43: Seiin Koukou Danshi Volley-bu,40679,Completed,https://myanimelist.net/anime/40679
5,22/7,40148,Completed,https://myanimelist.net/anime/40148
6,22/7: 8＋3=?,40924,Completed,https://myanimelist.net/anime/40924
7,3-gatsu no Lion,31646,Completed,https://myanimelist.net/anime/31646
8,3-gatsu no Lion 2nd Season,35180,Completed,https://myanimelist.net/anime/35180
9,3D Kanojo: Real Girl,36793,Completed,https://myanimelist.net/anime/36793
10,3D Kanojo: Real Girl 2nd Season,37956,Completed,https://myanimelist.net/anime/37956
11,4-nin wa Sorezore Uso wo Tsuku,51464,Watching,https://myanimelist.net/anime/51464
12,5-toubun no Hanayome,38101,Completed,https://myanimelist.net/anime/38101
13,5-toubun no Hanayome ∬,39783,Completed,https://myanimelist.net/anime/39783
14,5-toubun no Hanayome Movie,48548,Completed,https://myanimelist.net/anime/48548
15,86,41457,Completed,https://myanimelist.net/anime/41457
16,86 Part 2,48569,Completed,https://myanimelist.net/anime/48569
17,Accel World,11759,Completed,https://myanimelist.net/anime/11759
18,Accel World EX,13939,Completed,https://myanimelist.net/anime/13939
19,Accel World: Acchel World.,13859,Completed,https://myanimelist.net/anime/13859
20,Accel World: Infinite∞Burst,31763,Completed,https://myanimelist.net/anime/31763
21,Adachi to Shimamura,39790,Completed,https://myanimelist.net/anime/39790
22,Akame ga Kill!,22199,Completed,https://myanimelist.net/anime/22199
23,Akanesasu Shoujo,37561,Completed,https://myanimelist.net/anime/37561
24,Akatsuki no Yona,25013,Completed,https://myanimelist.net/anime/25013
25,Akatsuki no Yona OVA,30370,Completed,https://myanimelist.net/anime/30370
26,Akiba Meido Sensou,52193,Watching,https://myanimelist.net/anime/52193
27,Akira,47,Completed,https://myanimelist.net/anime/47
28,Akkun to Kanojo,36864,Completed,https://myanimelist.net/anime/36864
29,Akudama Drive,41433,Completed,https://myanimelist.net/anime/41433
30,Akuyaku Reijou nano de Last Boss wo Kattemimashita,49979,Watching,https://myanimelist.net/anime/49979
31,Aldnoah.Zero,22729,Completed,https://myanimelist.net/anime/22729
32,Aldnoah.Zero Part 2,27655,Completed,https://myanimelist.net/anime/27655
33,Alice in Deadly School,33839,Completed,https://myanimelist.net/anime/33839
34,Ame wo Tsugeru Hyouryuu Danchi,49938,Completed,https://myanimelist.net/anime/49938
35,Ange Vierge,32171,Completed,https://myanimelist.net/anime/32171
36,Angel Beats!,6547,Completed,https://myanimelist.net/anime/6547
37,Angel Beats! Another Epilogue,10067,Completed,https://myanimelist.net/anime/10067
38,Angel Beats! Specials,9062,Completed,https://myanimelist.net/anime/9062
39,Anima Yell!,37206,Completed,https://myanimelist.net/anime/37206
40,Anima Yell! Ouen Douga,38803,Completed,https://myanimelist.net/anime/38803
41,Another,11111,Completed,https://myanimelist.net/anime/11111
42,Another: The Other - Inga,11701,Completed,https://myanimelist.net/anime/11701
43,Ansatsu Kyoushitsu,24833,Completed,https://myanimelist.net/anime/24833
44,Ansatsu Kyoushitsu 2nd Season,30654,Completed,https://myanimelist.net/anime/30654
45,Ansatsu Kyoushitsu: 365-nichi no Jikan,33513,Completed,https://myanimelist.net/anime/33513
46,Ansatsu Kyoushitsu: Deai no Jikan,28405,Completed,https://myanimelist.net/anime/28405
47,Ansatsu Kyoushitsu: Jump Festa 2013 Special,19759,Completed,https://myanimelist.net/anime/19759
48,Answer (2016),34611,Completed,https://myanimelist.net/anime/34611
49,Appare-Ranman!,40532,Completed,https://myanimelist.net/anime/40532
50,Araburu Kisetsu no Otome-domo yo.,38753,Completed,https://myanimelist.net/anime/38753
51,Aragne no Mushikago,34974,Completed,https://myanimelist.net/anime/34974
52,Arifureta Shokugyou de Sekai Saikyou,36882,Completed,https://myanimelist.net/anime/36882
53,Arifureta Shokugyou de Sekai Saikyou Recap,40239,Completed,https://myanimelist.net/anime/40239
54,Arifureta Shokugyou de Sekai Saikyou Specials,40083,Completed,https://myanimelist.net/anime/40083
55,Arslan Senki (TV),28249,Completed,https://myanimelist.net/anime/28249
56,Arslan Senki (TV) Gaiden,33254,Completed,https://myanimelist.net/anime/33254
57,Arslan Senki (TV): Fuujin Ranbu,31821,Completed,https://myanimelist.net/anime/31821
58,Arslan Senki (TV): Tsuioku no Shou - Dakkan no Yaiba,31128,Completed,https://myanimelist.net/anime/31128
59,Arte,40128,Completed,https://myanimelist.net/anime/40128
60,Aru Asa Dummy Head Mic ni Natteita Ore-kun no Jinsei,52381,Watching,https://myanimelist.net/anime/52381
61,Asagao to Kase-san.,36214,Completed,https://myanimelist.net/anime/36214
62,Asatir: Mirai no Mukashi Banashi,41558,Completed,https://myanimelist.net/anime/41558
63,Asobi Asobase,37171,Completed,https://myanimelist.net/anime/37171
64,Asobi Asobase Specials,38002,Completed,https://myanimelist.net/anime/38002
65,Asobi Asobase: Cosplay Taikai/Otona no Watashi e,37996,Completed,https://myanimelist.net/anime/37996
66,Assassins Pride,38572,Completed,https://myanimelist.net/anime/38572
67,Assault Lily: Bouquet,40550,Completed,https://myanimelist.net/anime/40550
68,Azur Lane,38328,Completed,https://myanimelist.net/anime/38328
69,Azur Lane Recap,40712,Completed,https://myanimelist.net/anime/40712
70,Azur Lane: Bisoku Zenshin!,40930,Completed,https://myanimelist.net/anime/40930
71,B: The Beginning,32827,Completed,https://myanimelist.net/anime/32827
72,Babylon,37525,Completed,https://myanimelist.net/anime/37525
73,Back Arrow,40964,Completed,https://myanimelist.net/anime/40964
74,Back Street Girls: Gokudolls,36873,Completed,https://myanimelist.net/anime/36873
75,Bakemono no Ko,28805,Completed,https://myanimelist.net/anime/28805
76,Bakuten!!,43756,Completed,https://myanimelist.net/anime/43756
77,Ballroom e Youkoso,34636,Completed,https://myanimelist.net/anime/34636
78,Banana Fish,36649,Completed,https://myanimelist.net/anime/36649
79,Beastars,39195,Completed,https://myanimelist.net/anime/39195
80,Beastars 2nd Season,40935,Completed,https://myanimelist.net/anime/40935
81,Beatless,36516,Completed,https://myanimelist.net/anime/36516
82,Beatless Final Stage,38020,Completed,https://myanimelist.net/anime/38020
83,Beatless Intermission,37277,Completed,https://myanimelist.net/anime/37277
84,Beelzebub-jou no Okinimesu mama.,37716,Completed,https://myanimelist.net/anime/37716
85,Bem,39221,Completed,https://myanimelist.net/anime/39221
86,Bem Movie: Become Human,42129,Completed,https://myanimelist.net/anime/42129
87,Bessatsu Olympia Kyklos,41266,Completed,https://myanimelist.net/anime/41266
88,Bible Black,368,Completed,https://myanimelist.net/anime/368
89,Bible Black: New Testament,1401,Completed,https://myanimelist.net/anime/1401
90,Birthday Wonderland,38985,Completed,https://myanimelist.net/anime/38985
91,Bishounen Tanteidan,40752,Completed,https://myanimelist.net/anime/40752
92,Black Bullet,20787,Completed,https://myanimelist.net/anime/20787
93,Black Fox,37498,Completed,https://myanimelist.net/anime/37498
94,Black Lagoon,889,Completed,https://myanimelist.net/anime/889
95,Black Lagoon Omake,8440,Completed,https://myanimelist.net/anime/8440
96,Black Lagoon: Roberta's Blood Trail,4901,Completed,https://myanimelist.net/anime/4901
97,Black Lagoon: The Second Barrage,1519,Completed,https://myanimelist.net/anime/1519
98,Blossom,13253,Completed,https://myanimelist.net/anime/13253
99,Blue Lock,49596,Watching,https://myanimelist.net/anime/49596
100,Blue Reflection Ray,47639,Completed,https://myanimelist.net/anime/47639
101,BNA,40060,Completed,https://myanimelist.net/anime/40060
102,Bocchi the Rock!,47917,Watching,https://myanimelist.net/anime/47917
103,Boku dake ga Inai Machi,31043,Completed,https://myanimelist.net/anime/31043
104,Boku dake ga Inai Machi Recaps,35815,Completed,https://myanimelist.net/anime/35815
105,Boku no Pico,1639,Completed,https://myanimelist.net/anime/1639
106,Boku no Tonari ni Ankoku Hakaishin ga Imasu.,38302,Completed,https://myanimelist.net/anime/38302
107,Bokura no Nanokakan Sensou,37828,Completed,https://myanimelist.net/anime/37828
108,Bokura wa Minna Kawai-sou,21405,Completed,https://myanimelist.net/anime/21405
109,Bokura wa Minna Kawai-sou: Hajimete no,24913,Completed,https://myanimelist.net/anime/24913
110,Bokutachi no Remake,40904,Completed,https://myanimelist.net/anime/40904
111,Bokutachi wa Benkyou ga Dekinai,38186,Completed,https://myanimelist.net/anime/38186
112,Bokutachi wa Benkyou ga Dekinai!,40004,Completed,https://myanimelist.net/anime/40004
113,Bokutachi wa Benkyou ga Dekinai! Chapel no Kane wa [X] wo Shukufuku Suru,42519,Completed,https://myanimelist.net/anime/42519
114,Bokutachi wa Benkyou ga Dekinai: Nagisa ni Usemono Arite Senjin wa Enzen to [X] Suru,39819,Completed,https://myanimelist.net/anime/39819
115,Boogiepop wa Warawanai (2019),37451,Completed,https://myanimelist.net/anime/37451
116,Breakers,40850,Completed,https://myanimelist.net/anime/40850
117,Btooom!,14345,Completed,https://myanimelist.net/anime/14345
118,Bungou to Alchemist: Shinpan no Haguruma,40934,Completed,https://myanimelist.net/anime/40934
119,Burn the Witch,41468,Completed,https://myanimelist.net/anime/41468
120,Byousoku 5 Centimeter,1689,Completed,https://myanimelist.net/anime/1689
121,Caligula (TV),36828,Completed,https://myanimelist.net/anime/36828
122,Carole & Tuesday,37435,Completed,https://myanimelist.net/anime/37435
123,Carole & Tuesday Specials,40013,Completed,https://myanimelist.net/anime/40013
124,Cencoroll,3087,Completed,https://myanimelist.net/anime/3087
125,Cencoroll Connect,9488,Completed,https://myanimelist.net/anime/9488
126,Cestvs: The Roman Fighter,43763,Completed,https://myanimelist.net/anime/43763
127,Chainsaw Man,44511,Watching,https://myanimelist.net/anime/44511
128,Charlotte,28999,Completed,https://myanimelist.net/anime/28999
129,Charlotte: Tsuyoimono-tachi,31553,Completed,https://myanimelist.net/anime/31553
130,Cheat Kusushi no Slow Life: Isekai ni Tsukurou Drugstore,40960,Completed,https://myanimelist.net/anime/40960
131,Chio-chan no Tsuugakuro,35821,Completed,https://myanimelist.net/anime/35821
132,Choujin Koukousei-tachi wa Isekai demo Yoyuu de Ikinuku you desu!,39523,Completed,https://myanimelist.net/anime/39523
133,Choukadou Girl ⅙,38226,Completed,https://myanimelist.net/anime/38226
134,Chuubyou Gekihatsu Boy,38390,Completed,https://myanimelist.net/anime/38390
135,Citrus,34382,Completed,https://myanimelist.net/anime/34382
136,Classroom☆Crisis,30383,Completed,https://myanimelist.net/anime/30383
137,Claymore,1818,Completed,https://myanimelist.net/anime/1818
138,Clockwork Planet,32407,Completed,https://myanimelist.net/anime/32407
139,Cocolors,34167,Completed,https://myanimelist.net/anime/34167
140,Colorful (Movie),8142,Completed,https://myanimelist.net/anime/8142
141,Comic Girls,35756,Completed,https://myanimelist.net/anime/35756
142,Conception,37823,Completed,https://myanimelist.net/anime/37823
143,Cool Doji Danshi,51680,Watching,https://myanimelist.net/anime/51680
144,Cop Craft,38940,Completed,https://myanimelist.net/anime/38940
145,Cop Craft: Utsukushiki Onna Kishi! Toraware no Yousei wo Oe!,40405,Completed,https://myanimelist.net/anime/40405
146,Coppelion,9479,Completed,https://myanimelist.net/anime/9479
147,Curry Meshi x Zombieland Saga,40477,Completed,https://myanimelist.net/anime/40477
148,Cyberpunk: Edgerunners,42310,Completed,https://myanimelist.net/anime/42310
149,Danshi Koukousei no Nichijou,11843,Completed,https://myanimelist.net/anime/11843
150,Danshi Koukousei no Nichijou Specials,12893,Completed,https://myanimelist.net/anime/12893
151,Darling in the FranXX,35849,Completed,https://myanimelist.net/anime/35849
152,Darwin's Game,38656,Completed,https://myanimelist.net/anime/38656
153,Date A Bullet: Dead or Bullet,40416,Completed,https://myanimelist.net/anime/40416
154,Date A Bullet: Nightmare or Queen,42423,Completed,https://myanimelist.net/anime/42423
155,Date A Live,15583,Completed,https://myanimelist.net/anime/15583
156,Date A Live II,19163,Completed,https://myanimelist.net/anime/19163
157,Date A Live II: Kurumi Star Festival,22961,Completed,https://myanimelist.net/anime/22961
158,Date A Live III,36633,Completed,https://myanimelist.net/anime/36633
159,Date A Live Movie: Mayuri Judgment,24655,Completed,https://myanimelist.net/anime/24655
160,Date A Live: Date to Date,17641,Completed,https://myanimelist.net/anime/17641
161,Days,24823,Completed,https://myanimelist.net/anime/24823
162,Daze,24429,Completed,https://myanimelist.net/anime/24429
163,Death Billiards,14353,Completed,https://myanimelist.net/anime/14353
164,Death March kara Hajimaru Isekai Kyousoukyoku,34497,Completed,https://myanimelist.net/anime/34497
165,Death Parade,28223,Completed,https://myanimelist.net/anime/28223
166,Deatte 5-byou de Battle,43814,Completed,https://myanimelist.net/anime/43814
167,Deca-Dence,40056,Completed,https://myanimelist.net/anime/40056
168,Demi-chan wa Kataritai,33988,Completed,https://myanimelist.net/anime/33988
169,Demi-chan wa Kataritai: Demi-chan no Natsuyasumi,35823,Completed,https://myanimelist.net/anime/35823
170,Denpa Onna to Seishun Otoko,9379,Completed,https://myanimelist.net/anime/9379
171,Denpa Onna to Seishun Otoko: Mayonaka no Taiyou,10638,Completed,https://myanimelist.net/anime/10638
172,Denpa-teki na Kanojo,5177,Completed,https://myanimelist.net/anime/5177
173,Devils Line,35928,Completed,https://myanimelist.net/anime/35928
174,Devils Line: Anytime Anywhere,37997,Completed,https://myanimelist.net/anime/37997
175,Dies Irae,32271,Completed,https://myanimelist.net/anime/32271
176,Dies Irae: Reimei,36524,Completed,https://myanimelist.net/anime/36524
177,Dies Irae: To the Ring Reincarnation,36515,Completed,https://myanimelist.net/anime/36515
178,Do It Yourself!!,48542,Watching,https://myanimelist.net/anime/48542
179,Dogeza de Tanondemita,42571,Completed,https://myanimelist.net/anime/42571
180,Dogeza de Tanondemita: Isekai-hen,42990,Completed,https://myanimelist.net/anime/42990
181,Dokyuu Hentai HxEros,40623,Completed,https://myanimelist.net/anime/40623
182,Domestic na Kanojo,37982,Completed,https://myanimelist.net/anime/37982
183,Dorohedoro,38668,Completed,https://myanimelist.net/anime/38668
184,Dorohedoro: Ma no Omake,41053,Completed,https://myanimelist.net/anime/41053
185,Dororo,37520,Completed,https://myanimelist.net/anime/37520
186,Double Decker! Doug & Kirill,37496,Completed,https://myanimelist.net/anime/37496
187,Double Decker! Doug & Kirill: Extra,38895,Completed,https://myanimelist.net/anime/38895
188,Double-J,10838,Completed,https://myanimelist.net/anime/10838
189,"Doukyonin wa Hiza, Tokidoki, Atama no Ue.",38145,Completed,https://myanimelist.net/anime/38145
190,Doukyuusei (Movie),30346,Completed,https://myanimelist.net/anime/30346
191,Dounika Naru Hibi,40747,Completed,https://myanimelist.net/anime/40747
192,Dr. Stone,38691,Completed,https://myanimelist.net/anime/38691
193,Dr. Stone: Stone Wars,40852,Completed,https://myanimelist.net/anime/40852
194,Dr. Stone: Stone Wars - Kaisen Zenya Special Eizou,43555,Completed,https://myanimelist.net/anime/43555
195,"Dragon, Ie wo Kau.",40526,Completed,https://myanimelist.net/anime/40526
196,Dumbbell Nan Kilo Moteru?,39026,Completed,https://myanimelist.net/anime/39026
197,Dungeon ni Deai wo Motomeru no wa Machigatteiru Darou ka,28121,Completed,https://myanimelist.net/anime/28121
198,Dungeon ni Deai wo Motomeru no wa Machigatteiru Darou ka Gaiden: Sword Oratoria,32887,Completed,https://myanimelist.net/anime/32887
199,Dungeon ni Deai wo Motomeru no wa Machigatteiru Darou ka II,37347,Completed,https://myanimelist.net/anime/37347
200,Dungeon ni Deai wo Motomeru no wa Machigatteiru Darou ka II OVA,40453,Completed,https://myanimelist.net/anime/40453
201,Dungeon ni Deai wo Motomeru no wa Machigatteiru Darou ka II: Past & Future,40064,Completed,https://myanimelist.net/anime/40064
202,Dungeon ni Deai wo Motomeru no wa Machigatteiru Darou ka III,40454,Completed,https://myanimelist.net/anime/40454
203,Dungeon ni Deai wo Motomeru no wa Machigatteiru Darou ka III OVA,44983,Completed,https://myanimelist.net/anime/44983
204,Dungeon ni Deai wo Motomeru no wa Machigatteiru Darou ka Movie: Orion no Ya,37348,Completed,https://myanimelist.net/anime/37348
205,Dungeon ni Deai wo Motomeru no wa Machigatteiru Darou ka OVA,32801,Completed,https://myanimelist.net/anime/32801
206,Edens Zero,42192,Completed,https://myanimelist.net/anime/42192
207,Egao no Daika,38544,Completed,https://myanimelist.net/anime/38544
208,Eiga Daisuki Pompo-san,41361,Completed,https://myanimelist.net/anime/41361
209,Eizouken ni wa Te wo Dasu na!,39792,Completed,https://myanimelist.net/anime/39792
210,Elfen Lied,226,Completed,https://myanimelist.net/anime/226
211,Endro~!,38062,Completed,https://myanimelist.net/anime/38062
212,Enen no Shouboutai,38671,Completed,https://myanimelist.net/anime/38671
213,Enen no Shouboutai: Ni no Shou,40956,Completed,https://myanimelist.net/anime/40956
214,Evangelion: 1.0 You Are (Not) Alone,2759,Completed,https://myanimelist.net/anime/2759
215,Evangelion: 2.0 You Can (Not) Advance,3784,Completed,https://myanimelist.net/anime/3784
216,Evangelion: 3.0 You Can (Not) Redo,3785,Completed,https://myanimelist.net/anime/3785
217,Ex-Arm,38853,Completed,https://myanimelist.net/anime/38853
218,Fairy Gone,39063,Completed,https://myanimelist.net/anime/39063
219,Fairy Gone Part 2,39811,Completed,https://myanimelist.net/anime/39811
220,Fairy Ranmaru: Anata no Kokoro Otasuke Shimasu,45665,Completed,https://myanimelist.net/anime/45665
221,FLCL,227,Completed,https://myanimelist.net/anime/227
222,FLCL Alternative,35842,Completed,https://myanimelist.net/anime/35842
223,FLCL Progressive,33010,Completed,https://myanimelist.net/anime/33010
224,Fragtime,39545,Completed,https://myanimelist.net/anime/39545
225,Free!,18507,Completed,https://myanimelist.net/anime/18507
226,Free! Eternal Summer,22265,Completed,https://myanimelist.net/anime/22265
227,Fruits Basket 1st Season,38680,Completed,https://myanimelist.net/anime/38680
228,Fruits Basket 2nd Season,40417,Completed,https://myanimelist.net/anime/40417
229,Fruits Basket: The Final,42938,Completed,https://myanimelist.net/anime/42938
230,Fudanshi Koukou Seikatsu,33222,Completed,https://myanimelist.net/anime/33222
231,"Fudanshi Koukou Seikatsu: Sports no Aki, Bonnou no Aki",36629,Completed,https://myanimelist.net/anime/36629
232,Fugou Keiji: Balance:Unlimited,41120,Completed,https://myanimelist.net/anime/41120
233,Futoku no Guild,51212,Watching,https://myanimelist.net/anime/51212
234,"Fuufu Ijou, Koibito Miman.",50425,Watching,https://myanimelist.net/anime/50425
235,Gaikotsu Shotenin Honda-san,36317,Completed,https://myanimelist.net/anime/36317
236,Gaikotsu Shotenin Honda-san OVA,38527,Completed,https://myanimelist.net/anime/38527
237,Gal to Kyouryuu,40358,Completed,https://myanimelist.net/anime/40358
238,Gamers!,34280,Completed,https://myanimelist.net/anime/34280
239,Gekidol: Actidol Project,32455,Completed,https://myanimelist.net/anime/32455
240,Gekkan Shoujo Nozaki-kun,23289,Completed,https://myanimelist.net/anime/23289
241,Gekkan Shoujo Nozaki-kun Specials,27633,Completed,https://myanimelist.net/anime/27633
242,Genjitsu Shugi Yuusha no Oukoku Saikenki,41710,Completed,https://myanimelist.net/anime/41710
243,Gibiate,40074,Completed,https://myanimelist.net/anime/40074
244,Given,39533,Completed,https://myanimelist.net/anime/39533
245,Given Movie,40421,Completed,https://myanimelist.net/anime/40421
246,Glasslip,23079,Completed,https://myanimelist.net/anime/23079
247,Gleipnir,39463,Completed,https://myanimelist.net/anime/39463
248,Goblin Slayer,37349,Completed,https://myanimelist.net/anime/37349
249,Goblin Slayer: Bouken Kiroku Youshi - Adventure Sheet,38807,Completed,https://myanimelist.net/anime/38807
250,Goblin Slayer: Goblin's Crown,39576,Completed,https://myanimelist.net/anime/39576
251,Godzilla: S.P,43229,Completed,https://myanimelist.net/anime/43229
252,Gokukoku no Brynhildr,21431,Completed,https://myanimelist.net/anime/21431
253,Gokukoku no Brynhildr: Kara Sawagi,24695,Completed,https://myanimelist.net/anime/24695
254,Gokushufudou,43692,Completed,https://myanimelist.net/anime/43692
255,Golden Time,17895,Completed,https://myanimelist.net/anime/17895
256,Gosick,8425,Completed,https://myanimelist.net/anime/8425
257,Gotcha!,42984,Completed,https://myanimelist.net/anime/42984
258,Granbelm,39417,Completed,https://myanimelist.net/anime/39417
259,Grancrest Senki,34279,Completed,https://myanimelist.net/anime/34279
260,Grancrest Senki: Tsuisou,37505,Completed,https://myanimelist.net/anime/37505
261,Grand Blue,37105,Completed,https://myanimelist.net/anime/37105
262,Great Pretender,40052,Completed,https://myanimelist.net/anime/40052
263,Guilty Crown,10793,Completed,https://myanimelist.net/anime/10793
264,Guilty Crown: 4-koma Gekijou,13561,Completed,https://myanimelist.net/anime/13561
265,Guilty Crown: Lost Christmas - An Episode of Port Town,13411,Completed,https://myanimelist.net/anime/13411
266,Gunjou no Magmell,37806,Completed,https://myanimelist.net/anime/37806
267,Guraburu!,41574,Completed,https://myanimelist.net/anime/41574
268,Gyo,10417,Completed,https://myanimelist.net/anime/10417
269,Gyokou no Nikuko-chan,45620,Completed,https://myanimelist.net/anime/45620
270,"Hachi-nan tte, Sore wa Nai deshou!",38830,Completed,https://myanimelist.net/anime/38830
271,Hai to Gensou no Grimgar,31859,Completed,https://myanimelist.net/anime/31859
272,Hai to Gensou no Grimgar: Furoagari no Kabe ni Kaketa Seishun - One More Centimeter,32561,Completed,https://myanimelist.net/anime/32561
273,Hajimete no Gal,34403,Completed,https://myanimelist.net/anime/34403
274,Hajimete no Gal: Hajimete no Bunkasai,35237,Completed,https://myanimelist.net/anime/35237
275,Hakubo,34972,Completed,https://myanimelist.net/anime/34972
276,Hametsu no Mars,413,Completed,https://myanimelist.net/anime/413
277,Hand Shakers,32981,Completed,https://myanimelist.net/anime/32981
278,Happy Sugar Life,37517,Completed,https://myanimelist.net/anime/37517
279,HaruChika: Haruta to Chika wa Seishun suru,30895,Completed,https://myanimelist.net/anime/30895
280,Hashiri Tsuzukete Yokatta tte.,38254,Completed,https://myanimelist.net/anime/38254
281,Hataage! Kemono Michi,39030,Completed,https://myanimelist.net/anime/39030
282,Hataraku Maou-sama!,15809,Completed,https://myanimelist.net/anime/15809
283,Hataraku Saibou,37141,Completed,https://myanimelist.net/anime/37141
284,Hataraku Saibou Black,41694,Completed,https://myanimelist.net/anime/41694
285,Hataraku Saibou Specials,39605,Completed,https://myanimelist.net/anime/39605
286,Hataraku Saibou!!,39586,Completed,https://myanimelist.net/anime/39586
287,Hataraku Saibou: Kaze Shoukougun,38733,Completed,https://myanimelist.net/anime/38733
288,Hataraku Saibou: Necchuushou - Moshimo Pocari Sweat ga Attara,40076,Completed,https://myanimelist.net/anime/40076
289,Hatena☆Illusion,35252,Completed,https://myanimelist.net/anime/35252
290,"Hatena☆Illusion: Koi to Mahou no Illusion de, Muchuu Sasechaimasu! Special",41285,Completed,https://myanimelist.net/anime/41285
291,He Wei Dao x Re:Cong Ling Kaishi de Yi Shijie Shenghuo,38389,Completed,https://myanimelist.net/anime/38389
292,Heion Sedai no Idaten-tachi,42625,Completed,https://myanimelist.net/anime/42625
293,Hello World,38816,Completed,https://myanimelist.net/anime/38816
294,Hentatsu (TV),40995,Completed,https://myanimelist.net/anime/40995
295,Hentatsu (TV) Recap,41564,Completed,https://myanimelist.net/anime/41564
296,Hige wo Soru. Soshite Joshikousei wo Hirou.,40938,Completed,https://myanimelist.net/anime/40938
297,High Score Girl,21877,Completed,https://myanimelist.net/anime/21877
298,High Score Girl II,39570,Completed,https://myanimelist.net/anime/39570
299,High Score Girl: Extra Stage,38422,Completed,https://myanimelist.net/anime/38422
300,Highschool of the Dead,8074,Completed,https://myanimelist.net/anime/8074
301,Highschool of the Dead: Drifters of the Dead,9515,Completed,https://myanimelist.net/anime/9515
302,Himote House,36945,Completed,https://myanimelist.net/anime/36945
303,Hinamatsuri (TV),36296,Completed,https://myanimelist.net/anime/36296
304,Hitoribocchi no Marumaru Seikatsu,37614,Completed,https://myanimelist.net/anime/37614
305,Honzuki no Gekokujou: Shisho ni Naru Tame ni wa Shudan wo Erandeiraremasen,39468,Completed,https://myanimelist.net/anime/39468
306,Honzuki no Gekokujou: Shisho ni Naru Tame ni wa Shudan wo Erandeiraremasen 2nd Season,40815,Completed,https://myanimelist.net/anime/40815
307,Honzuki no Gekokujou: Shisho ni Naru Tame ni wa Shudan wo Erandeiraremasen 3rd Season,42429,Completed,https://myanimelist.net/anime/42429
308,Honzuki no Gekokujou: Shisho ni Naru Tame ni wa Shudan wo Erandeiraremasen OVA,40841,Completed,https://myanimelist.net/anime/40841
309,Honzuki no Gekokujou: Shisho ni Naru Tame ni wa Shudan wo Erandeiraremasen Recap,51616,Completed,https://myanimelist.net/anime/51616
310,Horimiya,42897,Completed,https://myanimelist.net/anime/42897
311,Hortensia Saga,40961,Completed,https://myanimelist.net/anime/40961
312,Hoshi no Koe,256,Completed,https://myanimelist.net/anime/256
313,Hoshi wo Ou Kodomo,9760,Completed,https://myanimelist.net/anime/9760
314,Hoshiai no Sora,37972,Completed,https://myanimelist.net/anime/37972
315,Hotaru no Haka,578,Completed,https://myanimelist.net/anime/578
316,Hotarubi no Mori e,10408,Completed,https://myanimelist.net/anime/10408
317,Houkago Saikoro Club,38276,Completed,https://myanimelist.net/anime/38276
318,Houkago Teibou Nisshi,39730,Completed,https://myanimelist.net/anime/39730
319,Housekishou Richard-shi no Nazo Kantei,40230,Completed,https://myanimelist.net/anime/40230
320,Howl no Ugoku Shiro,431,Completed,https://myanimelist.net/anime/431
321,Hyakuren no Haou to Seiyaku no Valkyria,37446,Completed,https://myanimelist.net/anime/37446
322,Hyouka,12189,Completed,https://myanimelist.net/anime/12189
323,Hyouka: Motsubeki Mono wa,13469,Completed,https://myanimelist.net/anime/13469
324,Hypnosis Mic: Division Rap Battle - Rhyme Anima,40803,Completed,https://myanimelist.net/anime/40803
325,Id:Invaded,40046,Completed,https://myanimelist.net/anime/40046
326,Idolls!,42981,Completed,https://myanimelist.net/anime/42981
327,Idoly Pride,40842,Completed,https://myanimelist.net/anime/40842
328,"Ijiranaide, Nagatoro-san",42361,Completed,https://myanimelist.net/anime/42361
329,Ikebukuro West Gate Park,40359,Completed,https://myanimelist.net/anime/40359
330,"Ima, Soko ni Iru Boku",160,Completed,https://myanimelist.net/anime/160
331,Inferno Cop,16774,Completed,https://myanimelist.net/anime/16774
332,Infinite Dendrogram,38909,Completed,https://myanimelist.net/anime/38909
333,Ingress the Animation,37438,Completed,https://myanimelist.net/anime/37438
334,Inu to Neko Docchi mo Katteru to Mainichi Tanoshii,40833,Completed,https://myanimelist.net/anime/40833
335,Irozuku Sekai no Ashita kara,37497,Completed,https://myanimelist.net/anime/37497
336,Isekai Cheat Magician,37744,Completed,https://myanimelist.net/anime/37744
337,Isekai Maou to Shoukan Shoujo no Dorei Majutsu,37210,Completed,https://myanimelist.net/anime/37210
338,Isekai Maou to Shoukan Shoujo no Dorei Majutsu Ω,41623,Completed,https://myanimelist.net/anime/41623
339,Isekai Quartet,38472,Completed,https://myanimelist.net/anime/38472
340,Isekai Quartet 2,39988,Completed,https://myanimelist.net/anime/39988
341,Isekai wa Smartphone to Tomo ni.,35203,Completed,https://myanimelist.net/anime/35203
342,Ishuzoku Reviewers,40010,Completed,https://myanimelist.net/anime/40010
343,Island,33012,Completed,https://myanimelist.net/anime/33012
344,Isshuukan Friends.,21327,Completed,https://myanimelist.net/anime/21327
345,Itai no wa Iya nano de Bougyoryoku ni Kyokufuri Shitai to Omoimasu.,38790,Completed,https://myanimelist.net/anime/38790
346,Ito Junji: Collection - Tomie,36992,Completed,https://myanimelist.net/anime/36992
347,Itsudatte Bokura no Koi wa 10 cm Datta.,36220,Completed,https://myanimelist.net/anime/36220
348,Itsuka Aeru Kimi ni,38473,Completed,https://myanimelist.net/anime/38473
349,Iwa Kakeru! Sport Climbing Girls,41783,Completed,https://myanimelist.net/anime/41783
350,Iya na Kao sare nagara Opantsu Misete Moraitai,37021,Completed,https://myanimelist.net/anime/37021
351,Jahy-sama wa Kujikenai!,48753,Completed,https://myanimelist.net/anime/48753
352,Jaku-Chara Tomozaki-kun,40530,Completed,https://myanimelist.net/anime/40530
353,Jashin-chan Dropkick,36906,Completed,https://myanimelist.net/anime/36906
354,Jashin-chan Dropkick Episode 12,38383,Completed,https://myanimelist.net/anime/38383
355,Jashin-chan Dropkick',39049,Completed,https://myanimelist.net/anime/39049
356,Jibaku Shounen Hanako-kun,39534,Completed,https://myanimelist.net/anime/39534
357,Jingai-san no Yome,37992,Completed,https://myanimelist.net/anime/37992
358,JoJo no Kimyou na Bouken (TV),14719,Completed,https://myanimelist.net/anime/14719
359,JoJo no Kimyou na Bouken Part 3: Stardust Crusaders,20899,Completed,https://myanimelist.net/anime/20899
360,JoJo no Kimyou na Bouken Part 3: Stardust Crusaders 2nd Season,26055,Completed,https://myanimelist.net/anime/26055
361,Josee to Tora to Sakana-tachi,40787,Completed,https://myanimelist.net/anime/40787
362,Joshikausei,38295,Completed,https://myanimelist.net/anime/38295
363,Joshikousei no Mudazukai,38619,Completed,https://myanimelist.net/anime/38619
364,Jouran: The Princess of Snow and Blood,47250,Completed,https://myanimelist.net/anime/47250
365,Jujutsu Kaisen,40748,Completed,https://myanimelist.net/anime/40748
366,Jujutsu Kaisen 0 Movie,48561,Completed,https://myanimelist.net/anime/48561
367,Just Because!,35639,Completed,https://myanimelist.net/anime/35639
368,Kabukichou Sherlock,38161,Completed,https://myanimelist.net/anime/38161
369,Kage no Jitsuryokusha ni Naritakute!,48316,Watching,https://myanimelist.net/anime/48316
370,Kageki Shoujo!!,43691,Completed,https://myanimelist.net/anime/43691
371,Kaguya-sama wa Kokurasetai: Tensai-tachi no Renai Zunousen,37999,Completed,https://myanimelist.net/anime/37999
372,Kai Byoui Ramune,42822,Completed,https://myanimelist.net/anime/42822
373,Kaichou wa Maid-sama!,7054,Completed,https://myanimelist.net/anime/7054
374,Kaichou wa Maid-sama!: Goshujinsama to Asonjao♥,10298,Completed,https://myanimelist.net/anime/10298
375,Kaichou wa Maid-sama!: Omake dayo!,9366,Completed,https://myanimelist.net/anime/9366
376,Kaifuku Jutsushi no Yarinaoshi,40750,Completed,https://myanimelist.net/anime/40750
377,Kaizoku Oujo,42544,Completed,https://myanimelist.net/anime/42544
378,Kakegurui,34933,Completed,https://myanimelist.net/anime/34933
379,Kakegurui Picture Drama,38939,Completed,https://myanimelist.net/anime/38939
380,Kakegurui××,37086,Completed,https://myanimelist.net/anime/37086
381,Kakushigoto,40716,Completed,https://myanimelist.net/anime/40716
382,Kami no Tou,40221,Completed,https://myanimelist.net/anime/40221
383,Kami-tachi ni Hirowareta Otoko,41312,Completed,https://myanimelist.net/anime/41312
384,Kamisama ni Natta Hi,41930,Completed,https://myanimelist.net/anime/41930
385,Kanata no Astra,39198,Completed,https://myanimelist.net/anime/39198
386,Kanojo mo Kanojo,43969,Completed,https://myanimelist.net/anime/43969
387,"Kanojo, Okarishimasu",40839,Completed,https://myanimelist.net/anime/40839
388,Karakai Jouzu no Takagi-san,35860,Completed,https://myanimelist.net/anime/35860
389,Karakai Jouzu no Takagi-san 2,38993,Completed,https://myanimelist.net/anime/38993
390,Karakai Jouzu no Takagi-san: Water Slide,37621,Completed,https://myanimelist.net/anime/37621
391,Karakuri Circus,37447,Completed,https://myanimelist.net/anime/37447
392,Katsute Kami Datta Kemono-tachi e,39199,Completed,https://myanimelist.net/anime/39199
393,Kawaikereba Hentai demo Suki ni Natte Kuremasu ka?,39326,Completed,https://myanimelist.net/anime/39326
394,Kawaki wo Ameku,39112,Completed,https://myanimelist.net/anime/39112
395,Kaze ga Tsuyoku Fuiteiru,37965,Completed,https://myanimelist.net/anime/37965
396,Keifuku-san,36156,Completed,https://myanimelist.net/anime/36156
397,Keishichou Tokumubu Tokushu Kyouakuhan Taisakushitsu Dainanaka: Tokunana,39567,Completed,https://myanimelist.net/anime/39567
398,Kemono Jihen,40908,Completed,https://myanimelist.net/anime/40908
399,Kenja no Mago,36407,Completed,https://myanimelist.net/anime/36407
400,Kidou Senshi Gundam: Suisei no Majo,49828,Watching,https://myanimelist.net/anime/49828
401,Kikumana,4460,Completed,https://myanimelist.net/anime/4460
402,Kill la Kill,18679,Completed,https://myanimelist.net/anime/18679
403,Kill la Kill Specials,21659,Completed,https://myanimelist.net/anime/21659
404,Kimetsu no Yaiba,38000,Completed,https://myanimelist.net/anime/38000
405,Kimi dake ni Motetainda.,40335,Completed,https://myanimelist.net/anime/40335
406,Kimi ni Todoke,6045,Completed,https://myanimelist.net/anime/6045
407,Kimi ni Todoke 2nd Season,9656,Completed,https://myanimelist.net/anime/9656
408,Kimi ni Todoke 2nd Season: Kataomoi,10152,Completed,https://myanimelist.net/anime/10152
409,Kimi ni Todoke 2nd Season: Minitodo Gekijou,10536,Completed,https://myanimelist.net/anime/10536
410,Kimi no Hikari: Asagao to Kase-san.,35159,Completed,https://myanimelist.net/anime/35159
411,Kimi no Koe wo Todoketai,33218,Completed,https://myanimelist.net/anime/33218
412,Kimi no Matsu Mirai (Basho) e,38678,Completed,https://myanimelist.net/anime/38678
413,Kimi no Na wa.,32281,Completed,https://myanimelist.net/anime/32281
414,Kimi no Suizou wo Tabetai,36098,Completed,https://myanimelist.net/anime/36098
415,"Kimi to Boku no Saigo no Senjou, Aruiwa Sekai ga Hajimaru Seisen",40595,Completed,https://myanimelist.net/anime/40595
416,"Kimi to, Nami ni Noretara",38594,Completed,https://myanimelist.net/anime/38594
417,King's Raid: Ishi wo Tsugumono-tachi,41834,Completed,https://myanimelist.net/anime/41834
418,Kiseijuu: Sei no Kakuritsu,22535,Completed,https://myanimelist.net/anime/22535
419,Kishuku Gakkou no Juliet,37475,Completed,https://myanimelist.net/anime/37475
420,Kiss x Sis,5042,Completed,https://myanimelist.net/anime/5042
421,Kiss x Sis (TV),7593,Completed,https://myanimelist.net/anime/7593
422,Kitsutsuki Tanteidokoro,39582,Completed,https://myanimelist.net/anime/39582
423,Kiznaiver,31798,Completed,https://myanimelist.net/anime/31798
424,Kobayashi-san Chi no Maid Dragon,33206,Completed,https://myanimelist.net/anime/33206
425,Kobayashi-san Chi no Maid Dragon S,39247,Completed,https://myanimelist.net/anime/39247
426,"Kobayashi-san Chi no Maid Dragon: Valentine, Soshite Onsen! - Amari Kitai Shinaide Kudasai",35363,Completed,https://myanimelist.net/anime/35363
427,Kobayashi-san Chi no OO Dragon,35145,Completed,https://myanimelist.net/anime/35145
428,Kochouki: Wakaki Nobunaga,38920,Completed,https://myanimelist.net/anime/38920
429,Koe no Katachi,28851,Completed,https://myanimelist.net/anime/28851
430,Koi to Producer: EVOL×LOVE,40075,Completed,https://myanimelist.net/anime/40075
431,Koi to Uso,34934,Completed,https://myanimelist.net/anime/34934
432,Koi to Uso: Isshou no Koi/Koi no Kimochi,37711,Completed,https://myanimelist.net/anime/37711
433,Koi to Yobu ni wa Kimochi Warui,41103,Completed,https://myanimelist.net/anime/41103
434,Koi wa Ameagari no You ni,34984,Completed,https://myanimelist.net/anime/34984
435,Koisuru Asteroid,39388,Completed,https://myanimelist.net/anime/39388
436,Koisuru Asteroid: Furikaeri - KiraKira Special!,41271,Completed,https://myanimelist.net/anime/41271
437,Koisuru Asteroid: KiraKira Zoukan-gou,40989,Completed,https://myanimelist.net/anime/40989
438,Kokoro Connect,11887,Completed,https://myanimelist.net/anime/11887
439,Kokoro Connect: Michi Random,16001,Completed,https://myanimelist.net/anime/16001
440,Kokoro ga Sakebitagatterunda.,28725,Completed,https://myanimelist.net/anime/28725
441,Kono Oto Tomare!,38080,Completed,https://myanimelist.net/anime/38080
442,Kono Oto Tomare! Part 2,38889,Completed,https://myanimelist.net/anime/38889
443,Kono Subarashii Sekai ni Shukufuku wo!,30831,Completed,https://myanimelist.net/anime/30831
444,Kono Subarashii Sekai ni Shukufuku wo! 2,32937,Completed,https://myanimelist.net/anime/32937
445,Kono Subarashii Sekai ni Shukufuku wo! 2: Kono Subarashii Geijutsu ni Shukufuku wo!,34626,Completed,https://myanimelist.net/anime/34626
446,Kono Subarashii Sekai ni Shukufuku wo! Kono Subarashii Choker ni Shukufuku wo!,32380,Completed,https://myanimelist.net/anime/32380
447,Kono Yo no Hate de Koi wo Utau Shoujo YU-NO,34620,Completed,https://myanimelist.net/anime/34620
448,Kono Yo no Hate de Koi wo Utau Shoujo YU-NO: Mugen no Heiretsu Sekai,39846,Completed,https://myanimelist.net/anime/39846
449,Kotonoha no Niwa,16782,Completed,https://myanimelist.net/anime/16782
450,Koukyuu no Karasu,50590,Watching,https://myanimelist.net/anime/50590
451,Koutetsujou no Kabaneri,28623,Completed,https://myanimelist.net/anime/28623
452,Koutetsujou no Kabaneri Movie 3: Unato Kessen,34544,Completed,https://myanimelist.net/anime/34544
453,Kuma Kuma Kuma Bear,40974,Completed,https://myanimelist.net/anime/40974
454,"Kumo desu ga, Nani ka?",37984,Completed,https://myanimelist.net/anime/37984
455,Kumorizora no Mukou wa Hareteiru,52507,Completed,https://myanimelist.net/anime/52507
456,Kuutei Dragons,39531,Completed,https://myanimelist.net/anime/39531
457,Kuzu no Honkai,32949,Completed,https://myanimelist.net/anime/32949
458,Kyochuu Rettou,38915,Completed,https://myanimelist.net/anime/38915
459,Kyochuu Rettou Movie,40332,Completed,https://myanimelist.net/anime/40332
460,Kyokou Suiri,39017,Completed,https://myanimelist.net/anime/39017
461,Kyoto Teramachi Sanjou no Holmes,37458,Completed,https://myanimelist.net/anime/37458
462,Kyuukyoku Shinka shita Full Dive RPG ga Genjitsu yori mo Kusoge Dattara,44276,Completed,https://myanimelist.net/anime/44276
463,Laidbackers,38558,Completed,https://myanimelist.net/anime/38558
464,Lapis Re:LiGHTs,37587,Completed,https://myanimelist.net/anime/37587
465,Listeners,40165,Completed,https://myanimelist.net/anime/40165
466,Little Witch Academia,14349,Completed,https://myanimelist.net/anime/14349
467,Little Witch Academia (TV),33489,Completed,https://myanimelist.net/anime/33489
468,Little Witch Academia: Mahoujikake no Parade,19489,Completed,https://myanimelist.net/anime/19489
469,Log Horizon,17265,Completed,https://myanimelist.net/anime/17265
470,Log Horizon 2nd Season,23321,Completed,https://myanimelist.net/anime/23321
471,Log Horizon: Entaku Houkai,41109,Completed,https://myanimelist.net/anime/41109
472,Machikado Mazoku,39071,Completed,https://myanimelist.net/anime/39071
473,Made in Abyss,34599,Completed,https://myanimelist.net/anime/34599
474,Maesetsu!,40085,Completed,https://myanimelist.net/anime/40085
475,Magatsu Wahrheit: Zuerst,37599,Completed,https://myanimelist.net/anime/37599
476,Mahoutsukai no Yome,35062,Completed,https://myanimelist.net/anime/35062
477,Mahoutsukai no Yome: Gakuin-hen,40134,Completed,https://myanimelist.net/anime/40134
478,Maid of the Dead,20811,Completed,https://myanimelist.net/anime/20811
479,Mairimashita! Iruma-kun,39196,Completed,https://myanimelist.net/anime/39196
480,Mairimashita! Iruma-kun 2nd Season,41402,Completed,https://myanimelist.net/anime/41402
481,Mairimashita! Iruma-kun 3rd Season,49784,Watching,https://myanimelist.net/anime/49784
482,Majo no Tabitabi,40571,Completed,https://myanimelist.net/anime/40571
483,Majutsushi Orphen Hagure Tabi,37576,Completed,https://myanimelist.net/anime/37576
484,Majutsushi Orphen Hagure Tabi: Kimluck-hen,41573,Completed,https://myanimelist.net/anime/41573
485,Majutsushi Orphen Hagure Tabi: Tennin no Isan,41549,Completed,https://myanimelist.net/anime/41549
486,"Maou Gakuin no Futekigousha: Shijou Saikyou no Maou no Shiso, Tensei shite Shison-tachi no Gakkou e Kayou",40496,Completed,https://myanimelist.net/anime/40496
487,Maou-jou de Oyasumi,40397,Completed,https://myanimelist.net/anime/40397
488,"Maou-sama, Retry!",38297,Completed,https://myanimelist.net/anime/38297
489,Mars Red,41265,Completed,https://myanimelist.net/anime/41265
490,Masamune-kun no Revenge,33487,Completed,https://myanimelist.net/anime/33487
491,"Masamune-kun no Revenge: Uchi no Mama ni Kagitte/Tsunade Shima, Futatabi./12-Ji o Sugita Shinderera",37377,Completed,https://myanimelist.net/anime/37377
492,Mashiro no Oto,42590,Completed,https://myanimelist.net/anime/42590
493,Mayo Chiki!,10110,Completed,https://myanimelist.net/anime/10110
494,Mayonaka no Occult Koumuin,37964,Completed,https://myanimelist.net/anime/37964
495,Mayonaka no Occult Koumuin OVA,39972,Completed,https://myanimelist.net/anime/39972
496,Mayonaka no Occult Koumuin: Fukurokouji to Ano Ko to Ore to,39382,Completed,https://myanimelist.net/anime/39382
497,Märchen Mädchen,35997,Completed,https://myanimelist.net/anime/35997
498,Märchen Mädchen Specials,37973,Completed,https://myanimelist.net/anime/37973
499,Megami-ryou no Ryoubo-kun.,41812,Completed,https://myanimelist.net/anime/41812
500,Meikyuu Black Company,42340,Completed,https://myanimelist.net/anime/42340
501,Mekakucity Actors,21603,Completed,https://myanimelist.net/anime/21603
502,Merc Storia: Mukiryoku no Shounen to Bin no Naka no Shoujo,37232,Completed,https://myanimelist.net/anime/37232
503,Midara na Ao-chan wa Benkyou ga Dekinai,38778,Completed,https://myanimelist.net/anime/38778
504,Mini Dragon,48590,Completed,https://myanimelist.net/anime/48590
505,Mirai Nikki (TV),10620,Completed,https://myanimelist.net/anime/10620
506,Mirai no Mirai,36936,Completed,https://myanimelist.net/anime/36936
507,Miru Tights,38935,Completed,https://myanimelist.net/anime/38935
508,Miru Tights: Cosplay Satsuei Tights,40176,Completed,https://myanimelist.net/anime/40176
509,Mob Psycho 100,32182,Completed,https://myanimelist.net/anime/32182
510,Mob Psycho 100 II,37510,Completed,https://myanimelist.net/anime/37510
511,Mob Psycho 100 III,50172,Watching,https://myanimelist.net/anime/50172
512,Mob Psycho 100: Dai Ikkai Rei toka Soudansho Ian Ryokou - Kokoro Mitasu Iyashi no Tabi,39651,Completed,https://myanimelist.net/anime/39651
513,Mob Psycho Mini,37504,Completed,https://myanimelist.net/anime/37504
514,Mononoke Hime,164,Completed,https://myanimelist.net/anime/164
515,Monster Musume no Oishasan,40708,Completed,https://myanimelist.net/anime/40708
516,Motto To LOVE-Ru,9181,Completed,https://myanimelist.net/anime/9181
517,Mugen no Juunin: Immortal,39806,Completed,https://myanimelist.net/anime/39806
518,Muhyo to Rouji no Mahouritsu Soudan Jimusho,37487,Completed,https://myanimelist.net/anime/37487
519,Muhyo to Rouji no Mahouritsu Soudan Jimusho 2nd Season,39948,Completed,https://myanimelist.net/anime/39948
520,Munou na Nana,41619,Completed,https://myanimelist.net/anime/41619
521,Murenase! Seton Gakuen,40483,Completed,https://myanimelist.net/anime/40483
522,Murenase! Seton Gakuen Special,41008,Completed,https://myanimelist.net/anime/41008
523,Mushikaburi-hime,50923,Watching,https://myanimelist.net/anime/50923
524,Mushoku Tensei: Isekai Ittara Honki Dasu,39535,Completed,https://myanimelist.net/anime/39535
525,Nakanohito Genome [Jikkyouchuu],37926,Completed,https://myanimelist.net/anime/37926
526,Nakanohito Genome [Jikkyouchuu]: Knots of Memories,40460,Completed,https://myanimelist.net/anime/40460
527,Nami yo Kiitekure,40513,Completed,https://myanimelist.net/anime/40513
528,Nande Koko ni Sensei ga!?,38397,Completed,https://myanimelist.net/anime/38397
529,Nande Koko ni Sensei ga!? Nande Koko ni Sensei-tachi ga!?,39689,Completed,https://myanimelist.net/anime/39689
530,Natsunagu!,40738,Completed,https://myanimelist.net/anime/40738
531,Nazo no Kanojo X,12467,Completed,https://myanimelist.net/anime/12467
532,Nazo no Kanojo X: Nazo no Natsu Matsuri,13093,Completed,https://myanimelist.net/anime/13093
533,Nekopara,38924,Completed,https://myanimelist.net/anime/38924
534,Nekopara: Koneko no Hi no Yakusoku,37983,Completed,https://myanimelist.net/anime/37983
535,"Nemure Omoigo, Sora no Shitone ni",30473,Completed,https://myanimelist.net/anime/30473
536,Neon Genesis Evangelion,30,Completed,https://myanimelist.net/anime/30
537,Neon Genesis Evangelion: The End of Evangelion,32,Completed,https://myanimelist.net/anime/32
538,Net-juu no Susume,36038,Completed,https://myanimelist.net/anime/36038
539,Net-juu no Susume Special,36043,Completed,https://myanimelist.net/anime/36043
540,New Game!,31953,Completed,https://myanimelist.net/anime/31953
541,"New Game! Watashi, Shain Ryokou tte Hajimete nano de...",34277,Completed,https://myanimelist.net/anime/34277
542,New Game!!,34914,Completed,https://myanimelist.net/anime/34914
543,Ni no Kuni,39235,Completed,https://myanimelist.net/anime/39235
544,Nichijou,10165,Completed,https://myanimelist.net/anime/10165
545,Nichijou: Nichijou no 0-wa,8857,Completed,https://myanimelist.net/anime/8857
546,Nihon Chinbotsu 2020,40515,Completed,https://myanimelist.net/anime/40515
547,Ninja Collection,42260,Completed,https://myanimelist.net/anime/42260
548,Nisekoi,18897,Completed,https://myanimelist.net/anime/18897
549,Nisekoi OVA,24227,Completed,https://myanimelist.net/anime/24227
550,Nisekoi:,27787,Completed,https://myanimelist.net/anime/27787
551,Nisekoi: OVA,32553,Completed,https://myanimelist.net/anime/32553
552,Nissin Men-nashi Donbei x Himote House,38899,Completed,https://myanimelist.net/anime/38899
553,No Game No Life,19815,Completed,https://myanimelist.net/anime/19815
554,No Game No Life Specials,24991,Completed,https://myanimelist.net/anime/24991
555,No Game No Life: Zero,33674,Completed,https://myanimelist.net/anime/33674
556,No Guns Life,39539,Completed,https://myanimelist.net/anime/39539
557,No Guns Life 2nd Season,40529,Completed,https://myanimelist.net/anime/40529
558,No.6,10161,Completed,https://myanimelist.net/anime/10161
559,Noblesse,41345,Completed,https://myanimelist.net/anime/41345
560,Noblesse: Awakening,32668,Completed,https://myanimelist.net/anime/32668
561,Nobunaga-sensei no Osanazuma,38814,Completed,https://myanimelist.net/anime/38814
562,Noragami,20507,Completed,https://myanimelist.net/anime/20507
563,Noragami Aragoto,30503,Completed,https://myanimelist.net/anime/30503
564,Noragami Aragoto OVA,30885,Completed,https://myanimelist.net/anime/30885
565,Noragami OVA,20767,Completed,https://myanimelist.net/anime/20767
566,Noumin Kanren no Skill bakka Agetetara Nazeka Tsuyoku Natta.,51128,Watching,https://myanimelist.net/anime/51128
567,Null Peta,40178,Completed,https://myanimelist.net/anime/40178
568,Null Peta: Doki♥ Nurunuru Petapeta! Mizugi-darake no Oneechan Taikai!,40932,Completed,https://myanimelist.net/anime/40932
569,number24,39583,Completed,https://myanimelist.net/anime/39583
570,number24 Recap,41586,Completed,https://myanimelist.net/anime/41586
571,Ochikobore Fruit Tart,39609,Completed,https://myanimelist.net/anime/39609
572,Oda Cinnamon Nobunaga,40136,Completed,https://myanimelist.net/anime/40136
573,Odd Taxi,46102,Completed,https://myanimelist.net/anime/46102
574,Odd Taxi Movie: In the Woods,50653,Completed,https://myanimelist.net/anime/50653
575,"Omoi, Omoware, Furi, Furare",39753,Completed,https://myanimelist.net/anime/39753
576,One Piece Film: Red,50410,Completed,https://myanimelist.net/anime/50410
577,One Punch Man,30276,Completed,https://myanimelist.net/anime/30276
578,One Punch Man 2nd Season,34134,Completed,https://myanimelist.net/anime/34134
579,One Punch Man 2nd Season Specials,39705,Completed,https://myanimelist.net/anime/39705
580,One Punch Man Specials,31772,Completed,https://myanimelist.net/anime/31772
581,One Punch Man: Road to Hero,31704,Completed,https://myanimelist.net/anime/31704
582,Orange,32729,Completed,https://myanimelist.net/anime/32729
583,Orange: Mirai,34136,Completed,https://myanimelist.net/anime/34136
584,Ore dake Haireru Kakushi Dungeon,41899,Completed,https://myanimelist.net/anime/41899
585,Ore Monogatari!!,28297,Completed,https://myanimelist.net/anime/28297
586,Ore no Kanojo to Osananajimi ga Shuraba Sugiru,14749,Completed,https://myanimelist.net/anime/14749
587,Ore wo Suki nano wa Omae dake ka yo,38483,Completed,https://myanimelist.net/anime/38483
588,Ore wo Suki nano wa Omae dake ka yo: Ore wa Teinei ni Susumeru,40807,Completed,https://myanimelist.net/anime/40807
589,Ore wo Suki nano wa Omae dake ka yo: Oretachi no Game Set,40936,Completed,https://myanimelist.net/anime/40936
590,"Ore, Tsushima",48252,Completed,https://myanimelist.net/anime/48252
591,Osananajimi ga Zettai ni Makenai Love Comedy,43007,Completed,https://myanimelist.net/anime/43007
592,Oshi ga Budoukan Ittekuretara Shinu,37890,Completed,https://myanimelist.net/anime/37890
593,Otome Game no Hametsu Flag shika Nai Akuyaku Reijou ni Tensei shiteshimatta...,38555,Completed,https://myanimelist.net/anime/38555
594,Otome Game no Hametsu Flag shika Nai Akuyaku Reijou ni Tensei shiteshimatta... X,42282,Completed,https://myanimelist.net/anime/42282
595,Otona no Bouguya-san,38395,Completed,https://myanimelist.net/anime/38395
596,Otona no Bouguya-san (Rimen),39325,Completed,https://myanimelist.net/anime/39325
597,Otona no Bouguya-san II,42862,Completed,https://myanimelist.net/anime/42862
598,Overlord,29803,Completed,https://myanimelist.net/anime/29803
599,Overlord II,35073,Completed,https://myanimelist.net/anime/35073
600,Overlord III,37675,Completed,https://myanimelist.net/anime/37675
601,Overlord: Ple Ple Pleiades,31138,Completed,https://myanimelist.net/anime/31138
602,Overlord: Ple Ple Pleiades - Clementine Toubou-hen,38693,Completed,https://myanimelist.net/anime/38693
603,Overlord: Ple Ple Pleiades - Nazarick Saidai no Kiki,33372,Completed,https://myanimelist.net/anime/33372
604,Overlord: Ple Ple Pleiades 2,37087,Completed,https://myanimelist.net/anime/37087
605,Overlord: Ple Ple Pleiades 3,37781,Completed,https://myanimelist.net/anime/37781
606,Pale Cocoon,770,Completed,https://myanimelist.net/anime/770
607,Paprika,1943,Completed,https://myanimelist.net/anime/1943
608,Peach Boy Riverside,42627,Completed,https://myanimelist.net/anime/42627
609,Penguin Highway,37407,Completed,https://myanimelist.net/anime/37407
610,Perfect Blue,437,Completed,https://myanimelist.net/anime/437
611,Pet,37522,Completed,https://myanimelist.net/anime/37522
612,Peter Grill to Kenja no Jikan,40436,Completed,https://myanimelist.net/anime/40436
613,Peter Grill to Kenja no Jikan: Super Extra,50348,Watching,https://myanimelist.net/anime/50348
614,Planet With,37578,Completed,https://myanimelist.net/anime/37578
615,Planetarian: Chiisana Hoshi no Yume,33091,Completed,https://myanimelist.net/anime/33091
616,Planetarian: Hoshi no Hito,33190,Completed,https://myanimelist.net/anime/33190
617,Plastic Memories,27775,Completed,https://myanimelist.net/anime/27775
618,Plunderer,37345,Completed,https://myanimelist.net/anime/37345
619,Pokemon Legends Arceus: Yuki Hodo Kishi Futaai,51145,Completed,https://myanimelist.net/anime/51145
620,Princess Connect! Re:Dive,39292,Completed,https://myanimelist.net/anime/39292
621,Prison School,30240,Completed,https://myanimelist.net/anime/30240
622,Prison School: Mad Wax,32485,Completed,https://myanimelist.net/anime/32485
623,Project Scard: Praeter no Kizu,42825,Completed,https://myanimelist.net/anime/42825
624,Promare,35848,Completed,https://myanimelist.net/anime/35848
625,Psycho-Pass,13601,Completed,https://myanimelist.net/anime/13601
626,Psycho-Pass 2,23281,Completed,https://myanimelist.net/anime/23281
627,Psycho-Pass Movie,21339,Completed,https://myanimelist.net/anime/21339
628,Psycho-Pass: Sinners of the System Case.1 - Tsumi to Batsu,37440,Completed,https://myanimelist.net/anime/37440
629,Psycho-Pass: Sinners of the System Case.2 - First Guardian,37441,Completed,https://myanimelist.net/anime/37441
630,Psycho-Pass: Sinners of the System Case.3 - Onshuu no Kanata ni＿＿,37442,Completed,https://myanimelist.net/anime/37442
631,Pupa,19315,Completed,https://myanimelist.net/anime/19315
632,Qualidea Code,32360,Completed,https://myanimelist.net/anime/32360
633,Radiant,37202,Completed,https://myanimelist.net/anime/37202
634,Radiant 2nd Season,39355,Completed,https://myanimelist.net/anime/39355
635,Rail Romanesque,40958,Completed,https://myanimelist.net/anime/40958
636,Rakudai Kishi no Cavalry,30296,Completed,https://myanimelist.net/anime/30296
637,RDG: Red Data Girl,14921,Completed,https://myanimelist.net/anime/14921
638,Re:Creators,34561,Completed,https://myanimelist.net/anime/34561
639,Re:Zero kara Hajimeru Break Time,33142,Completed,https://myanimelist.net/anime/33142
640,Re:Zero kara Hajimeru Isekai Seikatsu,31240,Completed,https://myanimelist.net/anime/31240
641,Re:Zero kara Hajimeru Isekai Seikatsu - Hyouketsu no Kizuna,38414,Completed,https://myanimelist.net/anime/38414
642,Re:Zero kara Hajimeru Isekai Seikatsu - Memory Snow,36286,Completed,https://myanimelist.net/anime/36286
643,Re:Zero kara Hajimeru Isekai Seikatsu 2nd Season,39587,Completed,https://myanimelist.net/anime/39587
644,Re:Zero kara Hajimeru Isekai Seikatsu 2nd Season Part 2,42203,Completed,https://myanimelist.net/anime/42203
645,Release the Spyce,37221,Completed,https://myanimelist.net/anime/37221
646,ReLIFE,30015,Completed,https://myanimelist.net/anime/30015
647,ReLIFE: Kanketsu-hen,35466,Completed,https://myanimelist.net/anime/35466
648,ReLIFE: Kanketsu-hen Specials,37921,Completed,https://myanimelist.net/anime/37921
649,Renai Flops,51403,Watching,https://myanimelist.net/anime/51403
650,RErideD: Tokigoe no Derrida,35835,Completed,https://myanimelist.net/anime/35835
651,Rifle Is Beautiful,38529,Completed,https://myanimelist.net/anime/38529
652,Rifle Is Beautiful: Zengoku Daikai Is Mokuzen,40769,Completed,https://myanimelist.net/anime/40769
653,Rikei ga Koi ni Ochita no de Shoumei shitemita.,38992,Completed,https://myanimelist.net/anime/38992
654,Rokka no Yuusha,28497,Completed,https://myanimelist.net/anime/28497
655,Romantic Killer,52865,Watching,https://myanimelist.net/anime/52865
656,Rozen Maiden,64,Completed,https://myanimelist.net/anime/64
657,Rozen Maiden (2013),18041,Completed,https://myanimelist.net/anime/18041
658,Rozen Maiden: Ouvertüre,1719,Completed,https://myanimelist.net/anime/1719
659,Rozen Maiden: Träumend,65,Completed,https://myanimelist.net/anime/65
660,Runway de Waratte,40392,Completed,https://myanimelist.net/anime/40392
661,Ryuu to Sobakasu no Hime,44807,Completed,https://myanimelist.net/anime/44807
662,Ryuuou no Oshigoto!,35905,Completed,https://myanimelist.net/anime/35905
663,Saenai Heroine no Sodatekata,23277,Completed,https://myanimelist.net/anime/23277
664,Saenai Heroine no Sodatekata ♭,30727,Completed,https://myanimelist.net/anime/30727
665,Saezuru Tori wa Habatakanai: The Clouds Gather,39761,Completed,https://myanimelist.net/anime/39761
666,Saga Incident,40630,Completed,https://myanimelist.net/anime/40630
667,Sakamoto desu ga?,32542,Completed,https://myanimelist.net/anime/32542
668,Sakamoto desu ga? Sakamoto Deshita?,33524,Completed,https://myanimelist.net/anime/33524
669,Sakasama no Patema,12477,Completed,https://myanimelist.net/anime/12477
670,Sakura Trick,20047,Completed,https://myanimelist.net/anime/20047
671,Sakura-sou no Pet na Kanojo,13759,Completed,https://myanimelist.net/anime/13759
672,Sakurada Reset,34102,Completed,https://myanimelist.net/anime/34102
673,Sakurako-san no Ashimoto ni wa Shitai ga Umatteiru,30187,Watching,https://myanimelist.net/anime/30187
674,Sankarea,11499,Completed,https://myanimelist.net/anime/11499
675,Sankarea OVA,13055,Completed,https://myanimelist.net/anime/13055
676,Sankarea: Wagahai mo... Zombie de Aru...,16694,Completed,https://myanimelist.net/anime/16694
677,Satsuriku no Tenshi,35994,Completed,https://myanimelist.net/anime/35994
678,Sayonara no Asa ni Yakusoku no Hana wo Kazarou,35851,Completed,https://myanimelist.net/anime/35851
679,Sayonara Watashi no Cramer,42774,Completed,https://myanimelist.net/anime/42774
680,Sayonara Watashi no Cramer Movie: First Touch,42798,Completed,https://myanimelist.net/anime/42798
681,Schick x Evangelion,31115,Completed,https://myanimelist.net/anime/31115
682,School Days,2476,Completed,https://myanimelist.net/anime/2476
683,School Days: Magical Heart Kokoro-chan,3328,Completed,https://myanimelist.net/anime/3328
684,School Days: Valentine Days,3759,Completed,https://myanimelist.net/anime/3759
685,Seijo no Maryoku wa Bannou desu,42826,Completed,https://myanimelist.net/anime/42826
686,Seiken Densetsu: Legend of Mana - The Teardrop Crystal,49304,Watching,https://myanimelist.net/anime/49304
687,Seirei Gensouki,44203,Completed,https://myanimelist.net/anime/44203
688,Seishun Buta Yarou wa Bunny Girl Senpai no Yume wo Minai,37450,Completed,https://myanimelist.net/anime/37450
689,Seishun Buta Yarou wa Yumemiru Shoujo no Yume wo Minai,38329,Completed,https://myanimelist.net/anime/38329
690,Sen to Chihiro no Kamikakushi,199,Completed,https://myanimelist.net/anime/199
691,Sennen Joyuu,1033,Completed,https://myanimelist.net/anime/1033
692,Senryuu Shoujo,38787,Completed,https://myanimelist.net/anime/38787
693,"Sentouin, Hakenshimasu!",41456,Completed,https://myanimelist.net/anime/41456
694,Senyoku no Sigrdrifa,41372,Completed,https://myanimelist.net/anime/41372
695,Senyoku no Sigrdrifa: Dai-909 Senjutsu Hime-tai Sentou Kiroku!,44236,Completed,https://myanimelist.net/anime/44236
696,Seven Knights Revolution: Eiyuu no Keishousha,47391,Completed,https://myanimelist.net/anime/47391
697,Sewayaki Kitsune no Senko-san,38759,Completed,https://myanimelist.net/anime/38759
698,"Shachou, Battle no Jikan desu!",40783,Completed,https://myanimelist.net/anime/40783
699,Shadows House,43439,Completed,https://myanimelist.net/anime/43439
700,Shakunetsu Kabaddi,42395,Completed,https://myanimelist.net/anime/42395
701,Shaman King (2021),42205,Completed,https://myanimelist.net/anime/42205
702,Shashinkan,20671,Completed,https://myanimelist.net/anime/20671
703,Shichisei no Subaru,36316,Completed,https://myanimelist.net/anime/36316
704,Shigatsu wa Kimi no Uso,23273,Completed,https://myanimelist.net/anime/23273
705,Shigatsu wa Kimi no Uso: Moments,28069,Completed,https://myanimelist.net/anime/28069
706,Shiguang Dailiren,44074,Completed,https://myanimelist.net/anime/44074
707,Shikioriori,37396,Completed,https://myanimelist.net/anime/37396
708,"Shin no Nakama ja Nai to Yuusha no Party wo Oidasareta node, Henkyou de Slow Life suru Koto ni Shimashita",44037,Completed,https://myanimelist.net/anime/44037
709,Shinchou Yuusha: Kono Yuusha ga Ore Tueee Kuse ni Shinchou Sugiru,38659,Completed,https://myanimelist.net/anime/38659
710,Shinchou Yuusha: Kono Yuusha ga Ore Tueee Kuse ni Shinchou Sugiru Recap,40849,Completed,https://myanimelist.net/anime/40849
711,Shingeki no Kyojin,16498,Completed,https://myanimelist.net/anime/16498
712,Shingeki no Kyojin OVA,18397,Completed,https://myanimelist.net/anime/18397
713,Shingeki no Kyojin Season 2,25777,Completed,https://myanimelist.net/anime/25777
714,Shingeki no Kyojin Season 3,35760,Completed,https://myanimelist.net/anime/35760
715,Shingeki no Kyojin Season 3 Part 2,38524,Completed,https://myanimelist.net/anime/38524
716,Shingeki no Kyojin: Kuinaki Sentaku,25781,Completed,https://myanimelist.net/anime/25781
717,Shingeki no Kyojin: Lost Girls,36106,Completed,https://myanimelist.net/anime/36106
718,Shingeki no Kyojin: The Final Season,40028,Completed,https://myanimelist.net/anime/40028
719,Shinigami Bocchan to Kuro Maid,47257,Completed,https://myanimelist.net/anime/47257
720,Shinmai Renkinjutsushi no Tenpo Keiei,49849,Watching,https://myanimelist.net/anime/49849
721,Shinobi no Ittoki,51098,Watching,https://myanimelist.net/anime/51098
722,Shirobako,25835,Completed,https://myanimelist.net/anime/25835
723,Shirobako Movie,37804,Completed,https://myanimelist.net/anime/37804
724,Shirobako Specials,28105,Completed,https://myanimelist.net/anime/28105
725,Shiroi Suna no Aquatope,46093,Completed,https://myanimelist.net/anime/46093
726,Shironeko Project: Zero Chronicle,38843,Completed,https://myanimelist.net/anime/38843
727,Shisha no Teikoku,28625,Completed,https://myanimelist.net/anime/28625
728,Shitcom,16608,Completed,https://myanimelist.net/anime/16608
729,Shoumetsu Toshi,37952,Completed,https://myanimelist.net/anime/37952
730,Shuumatsu Nani Shitemasu ka? Isogashii desu ka? Sukutte Moratte Ii desu ka?,33502,Completed,https://myanimelist.net/anime/33502
731,Sirius,37569,Completed,https://myanimelist.net/anime/37569
732,Skate-Leading☆Stars,40786,Completed,https://myanimelist.net/anime/40786
733,SK∞,42923,Completed,https://myanimelist.net/anime/42923
734,"Slime Taoshite 300-nen, Shiranai Uchi ni Level Max ni Nattemashita",40586,Completed,https://myanimelist.net/anime/40586
735,Somali to Mori no Kamisama,39575,Completed,https://myanimelist.net/anime/39575
736,"Sono Toki, Kanojo wa.",38251,Completed,https://myanimelist.net/anime/38251
737,Sora yori mo Tooi Basho,35839,Completed,https://myanimelist.net/anime/35839
738,Soukou Musume Senki,36458,Completed,https://myanimelist.net/anime/36458
739,Sounan desu ka?,39456,Completed,https://myanimelist.net/anime/39456
740,Special A,3470,Completed,https://myanimelist.net/anime/3470
741,Spy x Family,50265,Completed,https://myanimelist.net/anime/50265
742,Spy x Family Part 2,50602,Watching,https://myanimelist.net/anime/50602
743,SSSS.Dynazenon,40870,Completed,https://myanimelist.net/anime/40870
744,SSSS.Gridman,35847,Completed,https://myanimelist.net/anime/35847
745,Stand My Heroes: Piece of Truth,38331,Completed,https://myanimelist.net/anime/38331
746,Stranger: Mukou Hadan,2418,Completed,https://myanimelist.net/anime/2418
747,Strike the Blood,18277,Completed,https://myanimelist.net/anime/18277
748,Strike the Blood II,33286,Completed,https://myanimelist.net/anime/33286
749,Strike the Blood: Valkyria no Oukoku-hen,30321,Completed,https://myanimelist.net/anime/30321
750,Subarashiki Kono Sekai The Animation,42307,Completed,https://myanimelist.net/anime/42307
751,Sugar*Soldier,21773,Completed,https://myanimelist.net/anime/21773
752,Suki tte Ii na yo.,14289,Completed,https://myanimelist.net/anime/14289
753,Suki tte Ii na yo. Dareka ga,16868,Completed,https://myanimelist.net/anime/16868
754,Suki tte Ii na yo. Mei and Marshmallow,17409,Completed,https://myanimelist.net/anime/17409
755,Summer Wars,5681,Completed,https://myanimelist.net/anime/5681
756,Super Cub,40685,Completed,https://myanimelist.net/anime/40685
757,Super Senko-san Time Episode 12,39995,Completed,https://myanimelist.net/anime/39995
758,Super Shiro,39183,Completed,https://myanimelist.net/anime/39183
759,Suzumiya Haruhi no Shoushitsu,7311,Completed,https://myanimelist.net/anime/7311
760,Suzumiya Haruhi no Yuuutsu,849,Completed,https://myanimelist.net/anime/849
761,Suzumiya Haruhi no Yuuutsu (2009),4382,Completed,https://myanimelist.net/anime/4382
762,Sword Art Online,11757,Completed,https://myanimelist.net/anime/11757
763,Sword Art Online Alternative: Gun Gale Online,36475,Completed,https://myanimelist.net/anime/36475
764,Sword Art Online Alternative: Gun Gale Online - Refrain,37831,Completed,https://myanimelist.net/anime/37831
765,Sword Art Online Fatal Bullet: The Third Episode,37362,Completed,https://myanimelist.net/anime/37362
766,Sword Art Online Fatal Bullet: The Third Episode - Pilot-ban,37278,Completed,https://myanimelist.net/anime/37278
767,Sword Art Online II,21881,Completed,https://myanimelist.net/anime/21881
768,Sword Art Online II: Debriefing,27891,Completed,https://myanimelist.net/anime/27891
769,Sword Art Online II: Sword Art Offline II,28063,Completed,https://myanimelist.net/anime/28063
770,Sword Art Online Movie: Ordinal Scale,31765,Completed,https://myanimelist.net/anime/31765
771,Sword Art Online: Alicization,36474,Completed,https://myanimelist.net/anime/36474
772,Sword Art Online: Alicization - Recollection,39239,Completed,https://myanimelist.net/anime/39239
773,Sword Art Online: Alicization - War of Underworld,39597,Completed,https://myanimelist.net/anime/39597
774,Sword Art Online: Alicization - War of Underworld 2nd Season,40540,Completed,https://myanimelist.net/anime/40540
775,Sword Art Online: Alicization - War of Underworld Reflection,40489,Completed,https://myanimelist.net/anime/40489
776,Sword Art Online: Extra Edition,20021,Completed,https://myanimelist.net/anime/20021
777,Sword Art Online: Sword Art Offline,16099,Completed,https://myanimelist.net/anime/16099
778,Sword Art Online: Sword Art Offline - Extra Edition,21879,Completed,https://myanimelist.net/anime/21879
779,Tada-kun wa Koi wo Shinai,36470,Completed,https://myanimelist.net/anime/36470
780,Taisou Zamurai,42668,Completed,https://myanimelist.net/anime/42668
781,Tamayomi,39966,Completed,https://myanimelist.net/anime/39966
782,"Tantei wa Mou, Shindeiru.",46471,Completed,https://myanimelist.net/anime/46471
783,Tate no Yuusha no Nariagari,35790,Completed,https://myanimelist.net/anime/35790
784,Tatoeba Last Dungeon Mae no Mura no Shounen ga Joban no Machi de Kurasu Youna Monogatari,40594,Completed,https://myanimelist.net/anime/40594
785,Tejina-senpai,38610,Completed,https://myanimelist.net/anime/38610
786,Tenchi Souzou Design-bu,41762,Completed,https://myanimelist.net/anime/41762
787,Tenchi Souzou Design-bu: Idea 13,46587,Completed,https://myanimelist.net/anime/46587
788,Tenka Hyakken: Meiji-kan e Youkoso!,40320,Completed,https://myanimelist.net/anime/40320
789,Tenki no Ko,38826,Completed,https://myanimelist.net/anime/38826
790,Tensai Ouji no Akaji Kokka Saisei Jutsu,47159,Completed,https://myanimelist.net/anime/47159
791,Tensei shitara Ken Deshita,49891,Watching,https://myanimelist.net/anime/49891
792,Tensei shitara Slime Datta Ken,37430,Completed,https://myanimelist.net/anime/37430
793,Tensei shitara Slime Datta Ken 2nd Season,39551,Completed,https://myanimelist.net/anime/39551
794,Tensei shitara Slime Datta Ken 2nd Season Part 2,41487,Completed,https://myanimelist.net/anime/41487
795,Tensei shitara Slime Datta Ken 2nd Season: Kanwa - Veldora Nikki 2,49318,Completed,https://myanimelist.net/anime/49318
796,Tensei shitara Slime Datta Ken OVA,38793,Completed,https://myanimelist.net/anime/38793
797,Tensei shitara Slime Datta Ken: Kanwa - Hinata Sakaguchi,45753,Completed,https://myanimelist.net/anime/45753
798,Tensei shitara Slime Datta Ken: Kanwa - Veldora Nikki,39607,Completed,https://myanimelist.net/anime/39607
799,Tensura Nikki: Tensei shitara Slime Datta Ken,41488,Completed,https://myanimelist.net/anime/41488
800,The Everlasting Guilty Crown,17949,Completed,https://myanimelist.net/anime/17949
801,The God of High School,41353,Completed,https://myanimelist.net/anime/41353
802,The God of High School PV,42893,Completed,https://myanimelist.net/anime/42893
803,The Missing 8,50689,Completed,https://myanimelist.net/anime/50689
804,To LOVE-Ru,3455,Completed,https://myanimelist.net/anime/3455
805,To LOVE-Ru Darkness,13663,Completed,https://myanimelist.net/anime/13663
806,To LOVE-Ru Darkness 2nd,28979,Completed,https://myanimelist.net/anime/28979
807,To LOVE-Ru Darkness 2nd OVA,31380,Completed,https://myanimelist.net/anime/31380
808,To LOVE-Ru Darkness 2nd Specials,31711,Completed,https://myanimelist.net/anime/31711
809,To LOVE-Ru Darkness OVA,13851,Completed,https://myanimelist.net/anime/13851
810,To LOVE-Ru OVA,5667,Completed,https://myanimelist.net/anime/5667
811,To LOVE-Ru: Multiplication - Mae kara Ushiro kara,35000,Completed,https://myanimelist.net/anime/35000
812,Toki wo Kakeru Shoujo,2236,Completed,https://myanimelist.net/anime/2236
813,Tokyo Ghoul,22319,Completed,https://myanimelist.net/anime/22319
814,Tokyo Ghoul √A,27899,Completed,https://myanimelist.net/anime/27899
815,"Tokyo Ghoul: ""Jack""",30458,Completed,https://myanimelist.net/anime/30458
816,"Tokyo Ghoul: ""Pinto""",31297,Completed,https://myanimelist.net/anime/31297
817,Tokyo Ghoul:re,36511,Completed,https://myanimelist.net/anime/36511
818,Tokyo Ghoul:re 2nd Season,37799,Completed,https://myanimelist.net/anime/37799
819,Tokyo Godfathers,759,Completed,https://myanimelist.net/anime/759
820,Tokyo Magnitude 8.0,6211,Completed,https://myanimelist.net/anime/6211
821,Tokyo Revengers,42249,Completed,https://myanimelist.net/anime/42249
822,Tonari no Kyuuketsuki-san,37579,Completed,https://myanimelist.net/anime/37579
823,Tonikaku Kawaii,41389,Completed,https://myanimelist.net/anime/41389
824,Toradora!,4224,Completed,https://myanimelist.net/anime/4224
825,Toradora!: Bentou no Gokui,11553,Completed,https://myanimelist.net/anime/11553
826,Toradora!: SOS! Kuishinbou Banbanzai,6127,Completed,https://myanimelist.net/anime/6127
827,Totsukuni no Shoujo,39495,Completed,https://myanimelist.net/anime/39495
828,Trigger-chan,33934,Completed,https://myanimelist.net/anime/33934
829,Trinity Seven,25157,Completed,https://myanimelist.net/anime/25157
830,Trinity Seven Movie 1: Eternity Library to Alchemic Girl,33581,Completed,https://myanimelist.net/anime/33581
831,Trinity Seven: Nanatsu no Taizai to Nana Madoushi,28285,Completed,https://myanimelist.net/anime/28285
832,Tsuki ga Kirei,34822,Completed,https://myanimelist.net/anime/34822
833,Tsuki ga Kirei Special,36539,Completed,https://myanimelist.net/anime/36539
834,Tsuki ga Michibiku Isekai Douchuu,43523,Completed,https://myanimelist.net/anime/43523
835,Tsukumogami Kashimasu,36654,Completed,https://myanimelist.net/anime/36654
836,Tsurezure Children,34902,Completed,https://myanimelist.net/anime/34902
837,Tsurune: Kazemai Koukou Kyuudou-bu,36653,Completed,https://myanimelist.net/anime/36653
838,Tsurune: Kazemai Koukou Kyuudou-bu - Yabai,38921,Completed,https://myanimelist.net/anime/38921
839,Tsuujou Kougeki ga Zentai Kougeki de Ni-kai Kougeki no Okaasan wa Suki desu ka?,38573,Completed,https://myanimelist.net/anime/38573
840,Tsuujou Kougeki ga Zentai Kougeki de Ni-kai Kougeki no Okaasan wa Suki desu ka? Namiuchigiwa no Okaasan wa Suki desu ka?,40102,Completed,https://myanimelist.net/anime/40102
841,"Uchi no Ko no Tame naraba, Ore wa Moshikashitara Maou mo Taoseru kamo Shirenai.",39324,Completed,https://myanimelist.net/anime/39324
842,Uchi no Maid ga Uzasugiru!,37722,Completed,https://myanimelist.net/anime/37722
843,Uchi no Maid ga Uzasugiru!: Uchi no Maid wa Yappari Mou Honto Uzainda naa...,39606,Completed,https://myanimelist.net/anime/39606
844,Uchi no Shishou wa Shippo ga Nai,49533,Watching,https://myanimelist.net/anime/49533
845,Uchi Tama?! Uchi no Tama Shirimasen ka?,39942,Completed,https://myanimelist.net/anime/39942
846,Ueno-san wa Bukiyou,37920,Completed,https://myanimelist.net/anime/37920
847,Ulysses: Jehanne Darc to Renkin no Kishi,36510,Completed,https://myanimelist.net/anime/36510
848,Umibe no Étranger,40615,Completed,https://myanimelist.net/anime/40615
849,Ura Sekai Picnic,41392,Completed,https://myanimelist.net/anime/41392
850,Uramichi Oniisan,40620,Completed,https://myanimelist.net/anime/40620
851,Urashimasakatasen no Nichijou,40197,Completed,https://myanimelist.net/anime/40197
852,Urusei Yatsura (2022),50710,Watching,https://myanimelist.net/anime/50710
853,Uzaki-chan wa Asobitai!,41226,Completed,https://myanimelist.net/anime/41226
854,Uzaki-chan wa Asobitai! Double,42962,Watching,https://myanimelist.net/anime/42962
855,Val x Love,39799,Completed,https://myanimelist.net/anime/39799
856,Vanitas no Karte,48580,Completed,https://myanimelist.net/anime/48580
857,Vinland Saga,37521,Completed,https://myanimelist.net/anime/37521
858,Violet Evergarden,33352,Completed,https://myanimelist.net/anime/33352
859,"Violet Evergarden: Kitto ""Ai"" wo Shiru Hi ga Kuru no Darou",37095,Completed,https://myanimelist.net/anime/37095
860,Vivy: Fluorite Eye's Song,46095,Completed,https://myanimelist.net/anime/46095
861,Vlad Love,39990,Completed,https://myanimelist.net/anime/39990
862,Wasureta Furi wo Shite,42488,Completed,https://myanimelist.net/anime/42488
863,Watashi ni Tenshi ga Maiorita!,37993,Completed,https://myanimelist.net/anime/37993
864,Watashi ni Tenshi ga Maiorita! Special,38999,Completed,https://myanimelist.net/anime/38999
865,"Watashi, Nouryoku wa Heikinchi de tte Itta yo ne!",37393,Completed,https://myanimelist.net/anime/37393
866,"Wei, Kanjian Erduo La!",38217,Completed,https://myanimelist.net/anime/38217
867,"Wei, Kanjian Erduo La! 2",39380,Completed,https://myanimelist.net/anime/39380
868,Wonder Egg Priority,43299,Completed,https://myanimelist.net/anime/43299
869,Wonder Egg Priority: Watashi no Priority,48614,Completed,https://myanimelist.net/anime/48614
870,Wotaku ni Koi wa Muzukashii,35968,Completed,https://myanimelist.net/anime/35968
871,Yagate Kimi ni Naru,37786,Completed,https://myanimelist.net/anime/37786
872,Yahari Ore no Seishun Love Comedy wa Machigatteiru.,14813,Completed,https://myanimelist.net/anime/14813
873,Yahari Ore no Seishun Love Comedy wa Machigatteiru. Kan,39547,Completed,https://myanimelist.net/anime/39547
874,Yahari Ore no Seishun Love Comedy wa Machigatteiru. OVA,18753,Completed,https://myanimelist.net/anime/18753
875,Yahari Ore no Seishun Love Comedy wa Machigatteiru. Zoku,23847,Completed,https://myanimelist.net/anime/23847
876,Yahari Ore no Seishun Love Comedy wa Machigatteiru. Zoku OVA,33161,Completed,https://myanimelist.net/anime/33161
877,Yaku nara Mug Cup mo,42568,Completed,https://myanimelist.net/anime/42568
878,Yakusoku no Nanaya Matsuri,37970,Completed,https://myanimelist.net/anime/37970
879,Yakusoku no Neverland,37779,Completed,https://myanimelist.net/anime/37779
880,Yakusoku no Neverland 2nd Season,39617,Completed,https://myanimelist.net/anime/39617
881,Yakusoku no Neverland 2nd Season: Michishirube,47616,Completed,https://myanimelist.net/anime/47616
882,Yami Shibai,19383,Completed,https://myanimelist.net/anime/19383
883,Yami Shibai 2,22537,Completed,https://myanimelist.net/anime/22537
884,Yami Shibai 3,31994,Completed,https://myanimelist.net/anime/31994
885,Yami Shibai 4,34467,Completed,https://myanimelist.net/anime/34467
886,Yami Shibai 5,35714,Completed,https://myanimelist.net/anime/35714
887,Yami Shibai 6,37893,Completed,https://myanimelist.net/anime/37893
888,Yami Shibai 7,39836,Completed,https://myanimelist.net/anime/39836
889,Yami Shibai 8,44208,Completed,https://myanimelist.net/anime/44208
890,Yami Shibai 9,49110,Completed,https://myanimelist.net/anime/49110
891,Yamiyo,39989,Completed,https://myanimelist.net/anime/39989
892,Yatogame-chan Kansatsu Nikki,37940,Completed,https://myanimelist.net/anime/37940
893,Yatogame-chan Kansatsu Nikki Nisatsume,39960,Completed,https://myanimelist.net/anime/39960
894,Yatogame-chan Kansatsu Nikki Sansatsume,42959,Completed,https://myanimelist.net/anime/42959
895,Yesterday wo Utatte,39710,Completed,https://myanimelist.net/anime/39710
896,Yesterday wo Utatte: Haishin-ban Episode,41660,Completed,https://myanimelist.net/anime/41660
897,Yoru wa Mijikashi Arukeyo Otome,34537,Completed,https://myanimelist.net/anime/34537
898,Youjo Senki,32615,Completed,https://myanimelist.net/anime/32615
899,Youjo Senki Movie,37055,Completed,https://myanimelist.net/anime/37055
900,Youjo Shenki,34742,Completed,https://myanimelist.net/anime/34742
901,Youjo Shenki Episode 0,34723,Completed,https://myanimelist.net/anime/34723
902,Youkoso Jitsuryoku Shijou Shugi no Kyoushitsu e,35507,Completed,https://myanimelist.net/anime/35507
903,Yuukai Anna,38017,Completed,https://myanimelist.net/anime/38017
904,Yuukoku no Moriarty,40911,Completed,https://myanimelist.net/anime/40911
905,Yuukoku no Moriarty Part 2,43325,Completed,https://myanimelist.net/anime/43325
906,"Yuusha Party wo Tsuihou sareta Beast Tamer, Saikyoushu no Nekomimi Shoujo to Deau",52046,Watching,https://myanimelist.net/anime/52046
907,"Yuusha, Yamemasu",50175,Completed,https://myanimelist.net/anime/50175
908,Zankyou no Terror,23283,Completed,https://myanimelist.net/anime/23283
909,Zashiki Warashi no Tatami-chan,41124,Completed,https://myanimelist.net/anime/41124
910,Zetsuen no Tempest,14075,Completed,https://myanimelist.net/anime/14075
911,Zombieland Saga,37976,Completed,https://myanimelist.net/anime/37976
912,Zombieland Saga Revenge,40174,Completed,https://myanimelist.net/anime/40174
